No.,Time,Source,Destination,Protocol,Length,Packet Sequence Number,Info
9,0.079205,192.168.201.4,192.168.201.2,RRoCE,330,0,RC RDMA Write First QP=0x0002f5 
10,0.079206,192.168.201.4,192.168.201.2,RRoCE,314,1,RC RDMA Write Middle QP=0x0002f5 
11,0.079207,192.168.201.4,192.168.201.2,RRoCE,314,2,RC RDMA Write Middle QP=0x0002f5 
12,0.079209,192.168.201.4,192.168.201.2,RRoCE,314,3,RC RDMA Write Middle QP=0x0002f5 
13,0.079210,192.168.201.4,192.168.201.2,RRoCE,314,4,RC RDMA Write Middle QP=0x0002f5 
14,0.079211,192.168.201.4,192.168.201.2,RRoCE,314,5,RC RDMA Write Middle QP=0x0002f5 
15,0.079212,192.168.201.4,192.168.201.2,RRoCE,314,6,RC RDMA Write Middle QP=0x0002f5 
16,0.079213,192.168.201.4,192.168.201.2,RRoCE,266,7,RC RDMA Write Last QP=0x0002f5 
17,0.079214,192.168.201.2,192.168.201.4,RRoCE,330,0,RC RDMA Write First QP=0x0002f5 
18,0.079215,192.168.201.2,192.168.201.4,RRoCE,314,1,RC RDMA Write Middle QP=0x0002f5 
19,0.079216,192.168.201.2,192.168.201.4,RRoCE,314,2,RC RDMA Write Middle QP=0x0002f5 
20,0.079217,192.168.201.2,192.168.201.4,RRoCE,314,3,RC RDMA Write Middle QP=0x0002f5 
21,0.079218,192.168.201.2,192.168.201.4,RRoCE,314,4,RC RDMA Write Middle QP=0x0002f5 
22,0.079219,192.168.201.2,192.168.201.4,RRoCE,314,5,RC RDMA Write Middle QP=0x0002f5 
23,0.079220,192.168.201.2,192.168.201.4,RRoCE,314,6,RC RDMA Write Middle QP=0x0002f5 
24,0.079221,192.168.201.2,192.168.201.4,RRoCE,266,7,RC RDMA Write Last QP=0x0002f5 
27,0.079224,192.168.201.4,192.168.201.2,RRoCE,330,8,RC RDMA Write First QP=0x0002f5 
28,0.079225,192.168.201.4,192.168.201.2,RRoCE,314,9,RC RDMA Write Middle QP=0x0002f5 
29,0.079226,192.168.201.4,192.168.201.2,RRoCE,314,10,RC RDMA Write Middle QP=0x0002f5 
30,0.079227,192.168.201.4,192.168.201.2,RRoCE,314,11,RC RDMA Write Middle QP=0x0002f5 
31,0.079228,192.168.201.4,192.168.201.2,RRoCE,314,12,RC RDMA Write Middle QP=0x0002f5 
32,0.079229,192.168.201.4,192.168.201.2,RRoCE,314,13,RC RDMA Write Middle QP=0x0002f5 
33,0.079230,192.168.201.4,192.168.201.2,RRoCE,314,14,RC RDMA Write Middle QP=0x0002f5 
34,0.079307,192.168.201.4,192.168.201.2,RRoCE,266,15,RC RDMA Write Last QP=0x0002f5 
35,0.079309,192.168.201.2,192.168.201.4,RRoCE,330,8,RC RDMA Write First QP=0x0002f5 
36,0.079310,192.168.201.2,192.168.201.4,RRoCE,314,9,RC RDMA Write Middle QP=0x0002f5 
37,0.079311,192.168.201.2,192.168.201.4,RRoCE,314,10,RC RDMA Write Middle QP=0x0002f5 
38,0.079312,192.168.201.2,192.168.201.4,RRoCE,314,11,RC RDMA Write Middle QP=0x0002f5 
39,0.079313,192.168.201.2,192.168.201.4,RRoCE,314,12,RC RDMA Write Middle QP=0x0002f5 
40,0.079314,192.168.201.2,192.168.201.4,RRoCE,314,13,RC RDMA Write Middle QP=0x0002f5 
41,0.079315,192.168.201.2,192.168.201.4,RRoCE,314,14,RC RDMA Write Middle QP=0x0002f5 
42,0.079316,192.168.201.2,192.168.201.4,RRoCE,266,15,RC RDMA Write Last QP=0x0002f5 
46,0.079320,192.168.201.4,192.168.201.2,RRoCE,330,16,RC RDMA Write First QP=0x0002f5 
47,0.079321,192.168.201.4,192.168.201.2,RRoCE,314,17,RC RDMA Write Middle QP=0x0002f5 
48,0.079322,192.168.201.4,192.168.201.2,RRoCE,314,18,RC RDMA Write Middle QP=0x0002f5 
49,0.079323,192.168.201.4,192.168.201.2,RRoCE,314,19,RC RDMA Write Middle QP=0x0002f5 
50,0.079324,192.168.201.4,192.168.201.2,RRoCE,314,20,RC RDMA Write Middle QP=0x0002f5 
51,0.079325,192.168.201.4,192.168.201.2,RRoCE,314,21,RC RDMA Write Middle QP=0x0002f5 
52,0.079326,192.168.201.4,192.168.201.2,RRoCE,314,22,RC RDMA Write Middle QP=0x0002f5 
53,0.079327,192.168.201.4,192.168.201.2,RRoCE,266,23,RC RDMA Write Last QP=0x0002f5 
54,0.079328,192.168.201.2,192.168.201.4,RRoCE,330,16,RC RDMA Write First QP=0x0002f5 
55,0.079329,192.168.201.2,192.168.201.4,RRoCE,314,17,RC RDMA Write Middle QP=0x0002f5 
56,0.079330,192.168.201.2,192.168.201.4,RRoCE,314,18,RC RDMA Write Middle QP=0x0002f5 
57,0.079330,192.168.201.2,192.168.201.4,RRoCE,314,19,RC RDMA Write Middle QP=0x0002f5 
58,0.079332,192.168.201.2,192.168.201.4,RRoCE,314,20,RC RDMA Write Middle QP=0x0002f5 
59,0.079332,192.168.201.2,192.168.201.4,RRoCE,314,21,RC RDMA Write Middle QP=0x0002f5 
60,0.079334,192.168.201.2,192.168.201.4,RRoCE,314,22,RC RDMA Write Middle QP=0x0002f5 
61,0.079354,192.168.201.2,192.168.201.4,RRoCE,266,23,RC RDMA Write Last QP=0x0002f5 
65,0.079385,192.168.201.4,192.168.201.2,RRoCE,330,24,RC RDMA Write First QP=0x0002f5 
66,0.079387,192.168.201.4,192.168.201.2,RRoCE,314,25,RC RDMA Write Middle QP=0x0002f5 
67,0.079388,192.168.201.4,192.168.201.2,RRoCE,314,26,RC RDMA Write Middle QP=0x0002f5 
68,0.079390,192.168.201.4,192.168.201.2,RRoCE,314,27,RC RDMA Write Middle QP=0x0002f5 
69,0.079391,192.168.201.4,192.168.201.2,RRoCE,314,28,RC RDMA Write Middle QP=0x0002f5 
70,0.079392,192.168.201.4,192.168.201.2,RRoCE,314,29,RC RDMA Write Middle QP=0x0002f5 
71,0.079393,192.168.201.4,192.168.201.2,RRoCE,314,30,RC RDMA Write Middle QP=0x0002f5 
72,0.079394,192.168.201.4,192.168.201.2,RRoCE,266,31,RC RDMA Write Last QP=0x0002f5 
73,0.079395,192.168.201.2,192.168.201.4,RRoCE,330,24,RC RDMA Write First QP=0x0002f5 
74,0.079396,192.168.201.2,192.168.201.4,RRoCE,314,25,RC RDMA Write Middle QP=0x0002f5 
75,0.079397,192.168.201.2,192.168.201.4,RRoCE,314,26,RC RDMA Write Middle QP=0x0002f5 
76,0.079398,192.168.201.2,192.168.201.4,RRoCE,314,27,RC RDMA Write Middle QP=0x0002f5 
77,0.079399,192.168.201.2,192.168.201.4,RRoCE,314,28,RC RDMA Write Middle QP=0x0002f5 
78,0.079400,192.168.201.2,192.168.201.4,RRoCE,314,29,RC RDMA Write Middle QP=0x0002f5 
79,0.079401,192.168.201.2,192.168.201.4,RRoCE,314,30,RC RDMA Write Middle QP=0x0002f5 
80,0.079402,192.168.201.2,192.168.201.4,RRoCE,266,31,RC RDMA Write Last QP=0x0002f5 
84,0.079447,192.168.201.4,192.168.201.2,RRoCE,330,32,RC RDMA Write First QP=0x0002f5 
85,0.079448,192.168.201.4,192.168.201.2,RRoCE,314,33,RC RDMA Write Middle QP=0x0002f5 
86,0.079449,192.168.201.4,192.168.201.2,RRoCE,314,34,RC RDMA Write Middle QP=0x0002f5 
87,0.079450,192.168.201.4,192.168.201.2,RRoCE,314,35,RC RDMA Write Middle QP=0x0002f5 
88,0.079451,192.168.201.4,192.168.201.2,RRoCE,314,36,RC RDMA Write Middle QP=0x0002f5 
89,0.079452,192.168.201.4,192.168.201.2,RRoCE,314,37,RC RDMA Write Middle QP=0x0002f5 
90,0.079453,192.168.201.4,192.168.201.2,RRoCE,314,38,RC RDMA Write Middle QP=0x0002f5 
91,0.079473,192.168.201.4,192.168.201.2,RRoCE,266,39,RC RDMA Write Last QP=0x0002f5 
92,0.079474,192.168.201.2,192.168.201.4,RRoCE,330,32,RC RDMA Write First QP=0x0002f5 
93,0.079475,192.168.201.2,192.168.201.4,RRoCE,314,33,RC RDMA Write Middle QP=0x0002f5 
94,0.079477,192.168.201.2,192.168.201.4,RRoCE,314,34,RC RDMA Write Middle QP=0x0002f5 
95,0.079478,192.168.201.2,192.168.201.4,RRoCE,314,35,RC RDMA Write Middle QP=0x0002f5 
96,0.079479,192.168.201.2,192.168.201.4,RRoCE,314,36,RC RDMA Write Middle QP=0x0002f5 
97,0.079480,192.168.201.2,192.168.201.4,RRoCE,314,37,RC RDMA Write Middle QP=0x0002f5 
98,0.079481,192.168.201.2,192.168.201.4,RRoCE,314,38,RC RDMA Write Middle QP=0x0002f5 
99,0.079482,192.168.201.2,192.168.201.4,RRoCE,266,39,RC RDMA Write Last QP=0x0002f5 
103,0.079515,192.168.201.4,192.168.201.2,RRoCE,330,40,RC RDMA Write First QP=0x0002f5 
104,0.079517,192.168.201.4,192.168.201.2,RRoCE,314,41,RC RDMA Write Middle QP=0x0002f5 
105,0.079518,192.168.201.4,192.168.201.2,RRoCE,314,42,RC RDMA Write Middle QP=0x0002f5 
106,0.079519,192.168.201.4,192.168.201.2,RRoCE,314,43,RC RDMA Write Middle QP=0x0002f5 
107,0.079520,192.168.201.4,192.168.201.2,RRoCE,314,44,RC RDMA Write Middle QP=0x0002f5 
108,0.079521,192.168.201.4,192.168.201.2,RRoCE,314,45,RC RDMA Write Middle QP=0x0002f5 
109,0.079522,192.168.201.4,192.168.201.2,RRoCE,314,46,RC RDMA Write Middle QP=0x0002f5 
110,0.079523,192.168.201.4,192.168.201.2,RRoCE,266,47,RC RDMA Write Last QP=0x0002f5 
111,0.079524,192.168.201.2,192.168.201.4,RRoCE,330,40,RC RDMA Write First QP=0x0002f5 
112,0.079525,192.168.201.2,192.168.201.4,RRoCE,314,41,RC RDMA Write Middle QP=0x0002f5 
113,0.079526,192.168.201.2,192.168.201.4,RRoCE,314,42,RC RDMA Write Middle QP=0x0002f5 
114,0.079527,192.168.201.2,192.168.201.4,RRoCE,314,43,RC RDMA Write Middle QP=0x0002f5 
115,0.079528,192.168.201.2,192.168.201.4,RRoCE,314,44,RC RDMA Write Middle QP=0x0002f5 
116,0.079529,192.168.201.2,192.168.201.4,RRoCE,314,45,RC RDMA Write Middle QP=0x0002f5 
117,0.079530,192.168.201.2,192.168.201.4,RRoCE,314,46,RC RDMA Write Middle QP=0x0002f5 
118,0.079549,192.168.201.2,192.168.201.4,RRoCE,266,47,RC RDMA Write Last QP=0x0002f5 
122,0.079587,192.168.201.4,192.168.201.2,RRoCE,330,48,RC RDMA Write First QP=0x0002f5 
123,0.079588,192.168.201.4,192.168.201.2,RRoCE,314,49,RC RDMA Write Middle QP=0x0002f5 
124,0.079589,192.168.201.4,192.168.201.2,RRoCE,314,50,RC RDMA Write Middle QP=0x0002f5 
125,0.079590,192.168.201.4,192.168.201.2,RRoCE,314,51,RC RDMA Write Middle QP=0x0002f5 
126,0.079591,192.168.201.4,192.168.201.2,RRoCE,314,52,RC RDMA Write Middle QP=0x0002f5 
127,0.079592,192.168.201.4,192.168.201.2,RRoCE,314,53,RC RDMA Write Middle QP=0x0002f5 
128,0.079593,192.168.201.4,192.168.201.2,RRoCE,314,54,RC RDMA Write Middle QP=0x0002f5 
129,0.079594,192.168.201.4,192.168.201.2,RRoCE,266,55,RC RDMA Write Last QP=0x0002f5 
130,0.079595,192.168.201.2,192.168.201.4,RRoCE,330,48,RC RDMA Write First QP=0x0002f5 
131,0.079596,192.168.201.2,192.168.201.4,RRoCE,314,49,RC RDMA Write Middle QP=0x0002f5 
132,0.079597,192.168.201.2,192.168.201.4,RRoCE,314,50,RC RDMA Write Middle QP=0x0002f5 
133,0.079598,192.168.201.2,192.168.201.4,RRoCE,314,51,RC RDMA Write Middle QP=0x0002f5 
134,0.079599,192.168.201.2,192.168.201.4,RRoCE,314,52,RC RDMA Write Middle QP=0x0002f5 
135,0.079600,192.168.201.2,192.168.201.4,RRoCE,314,53,RC RDMA Write Middle QP=0x0002f5 
136,0.079601,192.168.201.2,192.168.201.4,RRoCE,314,54,RC RDMA Write Middle QP=0x0002f5 
137,0.079602,192.168.201.2,192.168.201.4,RRoCE,266,55,RC RDMA Write Last QP=0x0002f5 
141,0.079641,192.168.201.4,192.168.201.2,RRoCE,330,56,RC RDMA Write First QP=0x0002f5 
142,0.079642,192.168.201.4,192.168.201.2,RRoCE,314,57,RC RDMA Write Middle QP=0x0002f5 
143,0.079642,192.168.201.4,192.168.201.2,RRoCE,314,58,RC RDMA Write Middle QP=0x0002f5 
144,0.079643,192.168.201.4,192.168.201.2,RRoCE,314,59,RC RDMA Write Middle QP=0x0002f5 
145,0.079644,192.168.201.4,192.168.201.2,RRoCE,314,60,RC RDMA Write Middle QP=0x0002f5 
146,0.079645,192.168.201.4,192.168.201.2,RRoCE,314,61,RC RDMA Write Middle QP=0x0002f5 
147,0.079646,192.168.201.4,192.168.201.2,RRoCE,314,62,RC RDMA Write Middle QP=0x0002f5 
148,0.079668,192.168.201.4,192.168.201.2,RRoCE,266,63,RC RDMA Write Last QP=0x0002f5 
149,0.079669,192.168.201.2,192.168.201.4,RRoCE,330,56,RC RDMA Write First QP=0x0002f5 
150,0.079670,192.168.201.2,192.168.201.4,RRoCE,314,57,RC RDMA Write Middle QP=0x0002f5 
151,0.079671,192.168.201.2,192.168.201.4,RRoCE,314,58,RC RDMA Write Middle QP=0x0002f5 
152,0.079672,192.168.201.2,192.168.201.4,RRoCE,314,59,RC RDMA Write Middle QP=0x0002f5 
153,0.079673,192.168.201.2,192.168.201.4,RRoCE,314,60,RC RDMA Write Middle QP=0x0002f5 
154,0.079674,192.168.201.2,192.168.201.4,RRoCE,314,61,RC RDMA Write Middle QP=0x0002f5 
155,0.079675,192.168.201.2,192.168.201.4,RRoCE,314,62,RC RDMA Write Middle QP=0x0002f5 
156,0.079676,192.168.201.2,192.168.201.4,RRoCE,266,63,RC RDMA Write Last QP=0x0002f5 
160,0.079713,192.168.201.4,192.168.201.2,RRoCE,330,64,RC RDMA Write First QP=0x0002f5 
161,0.079714,192.168.201.4,192.168.201.2,RRoCE,314,65,RC RDMA Write Middle QP=0x0002f5 
162,0.079715,192.168.201.4,192.168.201.2,RRoCE,314,66,RC RDMA Write Middle QP=0x0002f5 
163,0.079715,192.168.201.4,192.168.201.2,RRoCE,314,67,RC RDMA Write Middle QP=0x0002f5 
164,0.079717,192.168.201.4,192.168.201.2,RRoCE,314,68,RC RDMA Write Middle QP=0x0002f5 
165,0.079717,192.168.201.4,192.168.201.2,RRoCE,314,69,RC RDMA Write Middle QP=0x0002f5 
166,0.079718,192.168.201.4,192.168.201.2,RRoCE,314,70,RC RDMA Write Middle QP=0x0002f5 
167,0.079719,192.168.201.4,192.168.201.2,RRoCE,266,71,RC RDMA Write Last QP=0x0002f5 
168,0.079720,192.168.201.2,192.168.201.4,RRoCE,330,64,RC RDMA Write First QP=0x0002f5 
169,0.079721,192.168.201.2,192.168.201.4,RRoCE,314,65,RC RDMA Write Middle QP=0x0002f5 
170,0.079722,192.168.201.2,192.168.201.4,RRoCE,314,66,RC RDMA Write Middle QP=0x0002f5 
171,0.079723,192.168.201.2,192.168.201.4,RRoCE,314,67,RC RDMA Write Middle QP=0x0002f5 
172,0.079724,192.168.201.2,192.168.201.4,RRoCE,314,68,RC RDMA Write Middle QP=0x0002f5 
173,0.079725,192.168.201.2,192.168.201.4,RRoCE,314,69,RC RDMA Write Middle QP=0x0002f5 
174,0.079726,192.168.201.2,192.168.201.4,RRoCE,314,70,RC RDMA Write Middle QP=0x0002f5 
175,0.079746,192.168.201.2,192.168.201.4,RRoCE,266,71,RC RDMA Write Last QP=0x0002f5 
179,0.079777,192.168.201.4,192.168.201.2,RRoCE,330,72,RC RDMA Write First QP=0x0002f5 
180,0.079778,192.168.201.4,192.168.201.2,RRoCE,314,73,RC RDMA Write Middle QP=0x0002f5 
181,0.079779,192.168.201.4,192.168.201.2,RRoCE,314,74,RC RDMA Write Middle QP=0x0002f5 
182,0.079780,192.168.201.4,192.168.201.2,RRoCE,314,75,RC RDMA Write Middle QP=0x0002f5 
183,0.079781,192.168.201.4,192.168.201.2,RRoCE,314,76,RC RDMA Write Middle QP=0x0002f5 
184,0.079783,192.168.201.4,192.168.201.2,RRoCE,314,77,RC RDMA Write Middle QP=0x0002f5 
185,0.079783,192.168.201.4,192.168.201.2,RRoCE,314,78,RC RDMA Write Middle QP=0x0002f5 
186,0.079784,192.168.201.4,192.168.201.2,RRoCE,266,79,RC RDMA Write Last QP=0x0002f5 
187,0.079785,192.168.201.2,192.168.201.4,RRoCE,330,72,RC RDMA Write First QP=0x0002f5 
188,0.079786,192.168.201.2,192.168.201.4,RRoCE,314,73,RC RDMA Write Middle QP=0x0002f5 
189,0.079787,192.168.201.2,192.168.201.4,RRoCE,314,74,RC RDMA Write Middle QP=0x0002f5 
190,0.079788,192.168.201.2,192.168.201.4,RRoCE,314,75,RC RDMA Write Middle QP=0x0002f5 
191,0.079789,192.168.201.2,192.168.201.4,RRoCE,314,76,RC RDMA Write Middle QP=0x0002f5 
192,0.079790,192.168.201.2,192.168.201.4,RRoCE,314,77,RC RDMA Write Middle QP=0x0002f5 
193,0.079791,192.168.201.2,192.168.201.4,RRoCE,314,78,RC RDMA Write Middle QP=0x0002f5 
194,0.079792,192.168.201.2,192.168.201.4,RRoCE,266,79,RC RDMA Write Last QP=0x0002f5 
198,0.079832,192.168.201.4,192.168.201.2,RRoCE,330,80,RC RDMA Write First QP=0x0002f5 
199,0.079833,192.168.201.4,192.168.201.2,RRoCE,314,81,RC RDMA Write Middle QP=0x0002f5 
200,0.079834,192.168.201.4,192.168.201.2,RRoCE,314,82,RC RDMA Write Middle QP=0x0002f5 
201,0.079835,192.168.201.4,192.168.201.2,RRoCE,314,83,RC RDMA Write Middle QP=0x0002f5 
202,0.079836,192.168.201.4,192.168.201.2,RRoCE,314,84,RC RDMA Write Middle QP=0x0002f5 
203,0.079837,192.168.201.4,192.168.201.2,RRoCE,314,85,RC RDMA Write Middle QP=0x0002f5 
204,0.079838,192.168.201.4,192.168.201.2,RRoCE,314,86,RC RDMA Write Middle QP=0x0002f5 
205,0.079863,192.168.201.4,192.168.201.2,RRoCE,266,87,RC RDMA Write Last QP=0x0002f5 
206,0.079864,192.168.201.2,192.168.201.4,RRoCE,330,80,RC RDMA Write First QP=0x0002f5 
207,0.079865,192.168.201.2,192.168.201.4,RRoCE,314,81,RC RDMA Write Middle QP=0x0002f5 
208,0.079866,192.168.201.2,192.168.201.4,RRoCE,314,82,RC RDMA Write Middle QP=0x0002f5 
209,0.079867,192.168.201.2,192.168.201.4,RRoCE,314,83,RC RDMA Write Middle QP=0x0002f5 
210,0.079868,192.168.201.2,192.168.201.4,RRoCE,314,84,RC RDMA Write Middle QP=0x0002f5 
211,0.079869,192.168.201.2,192.168.201.4,RRoCE,314,85,RC RDMA Write Middle QP=0x0002f5 
212,0.079869,192.168.201.2,192.168.201.4,RRoCE,314,86,RC RDMA Write Middle QP=0x0002f5 
213,0.079870,192.168.201.2,192.168.201.4,RRoCE,266,87,RC RDMA Write Last QP=0x0002f5 
217,0.079903,192.168.201.4,192.168.201.2,RRoCE,330,88,RC RDMA Write First QP=0x0002f5 
218,0.079905,192.168.201.4,192.168.201.2,RRoCE,314,89,RC RDMA Write Middle QP=0x0002f5 
219,0.079905,192.168.201.4,192.168.201.2,RRoCE,314,90,RC RDMA Write Middle QP=0x0002f5 
220,0.079907,192.168.201.4,192.168.201.2,RRoCE,314,91,RC RDMA Write Middle QP=0x0002f5 
221,0.079907,192.168.201.4,192.168.201.2,RRoCE,314,92,RC RDMA Write Middle QP=0x0002f5 
222,0.079908,192.168.201.4,192.168.201.2,RRoCE,314,93,RC RDMA Write Middle QP=0x0002f5 
223,0.079909,192.168.201.4,192.168.201.2,RRoCE,314,94,RC RDMA Write Middle QP=0x0002f5 
224,0.079910,192.168.201.4,192.168.201.2,RRoCE,266,95,RC RDMA Write Last QP=0x0002f5 
225,0.079911,192.168.201.2,192.168.201.4,RRoCE,330,88,RC RDMA Write First QP=0x0002f5 
226,0.079912,192.168.201.2,192.168.201.4,RRoCE,314,89,RC RDMA Write Middle QP=0x0002f5 
227,0.079913,192.168.201.2,192.168.201.4,RRoCE,314,90,RC RDMA Write Middle QP=0x0002f5 
228,0.079914,192.168.201.2,192.168.201.4,RRoCE,314,91,RC RDMA Write Middle QP=0x0002f5 
229,0.079915,192.168.201.2,192.168.201.4,RRoCE,314,92,RC RDMA Write Middle QP=0x0002f5 
230,0.079916,192.168.201.2,192.168.201.4,RRoCE,314,93,RC RDMA Write Middle QP=0x0002f5 
231,0.079917,192.168.201.2,192.168.201.4,RRoCE,314,94,RC RDMA Write Middle QP=0x0002f5 
232,0.079940,192.168.201.2,192.168.201.4,RRoCE,266,95,RC RDMA Write Last QP=0x0002f5 
236,0.079948,192.168.201.4,192.168.201.2,RRoCE,330,96,RC RDMA Write First QP=0x0002f5 
237,0.079949,192.168.201.4,192.168.201.2,RRoCE,314,97,RC RDMA Write Middle QP=0x0002f5 
238,0.079949,192.168.201.4,192.168.201.2,RRoCE,314,98,RC RDMA Write Middle QP=0x0002f5 
239,0.079950,192.168.201.4,192.168.201.2,RRoCE,314,99,RC RDMA Write Middle QP=0x0002f5 
240,0.079951,192.168.201.4,192.168.201.2,RRoCE,314,100,RC RDMA Write Middle QP=0x0002f5 
241,0.079952,192.168.201.4,192.168.201.2,RRoCE,314,101,RC RDMA Write Middle QP=0x0002f5 
242,0.079953,192.168.201.4,192.168.201.2,RRoCE,314,102,RC RDMA Write Middle QP=0x0002f5 
243,0.079954,192.168.201.4,192.168.201.2,RRoCE,266,103,RC RDMA Write Last QP=0x0002f5 
244,0.079955,192.168.201.2,192.168.201.4,RRoCE,330,96,RC RDMA Write First QP=0x0002f5 
245,0.079956,192.168.201.2,192.168.201.4,RRoCE,314,97,RC RDMA Write Middle QP=0x0002f5 
246,0.079957,192.168.201.2,192.168.201.4,RRoCE,314,98,RC RDMA Write Middle QP=0x0002f5 
247,0.079958,192.168.201.2,192.168.201.4,RRoCE,314,99,RC RDMA Write Middle QP=0x0002f5 
248,0.079959,192.168.201.2,192.168.201.4,RRoCE,314,100,RC RDMA Write Middle QP=0x0002f5 
249,0.079959,192.168.201.2,192.168.201.4,RRoCE,314,101,RC RDMA Write Middle QP=0x0002f5 
250,0.079960,192.168.201.2,192.168.201.4,RRoCE,314,102,RC RDMA Write Middle QP=0x0002f5 
251,0.079961,192.168.201.2,192.168.201.4,RRoCE,266,103,RC RDMA Write Last QP=0x0002f5 
255,0.080026,192.168.201.4,192.168.201.2,RRoCE,330,104,RC RDMA Write First QP=0x0002f5 
256,0.080027,192.168.201.4,192.168.201.2,RRoCE,314,105,RC RDMA Write Middle QP=0x0002f5 
257,0.080028,192.168.201.4,192.168.201.2,RRoCE,314,106,RC RDMA Write Middle QP=0x0002f5 
258,0.080029,192.168.201.4,192.168.201.2,RRoCE,314,107,RC RDMA Write Middle QP=0x0002f5 
259,0.080029,192.168.201.4,192.168.201.2,RRoCE,314,108,RC RDMA Write Middle QP=0x0002f5 
260,0.080030,192.168.201.4,192.168.201.2,RRoCE,314,109,RC RDMA Write Middle QP=0x0002f5 
261,0.080031,192.168.201.4,192.168.201.2,RRoCE,314,110,RC RDMA Write Middle QP=0x0002f5 
262,0.080051,192.168.201.4,192.168.201.2,RRoCE,266,111,RC RDMA Write Last QP=0x0002f5 
263,0.080052,192.168.201.2,192.168.201.4,RRoCE,330,104,RC RDMA Write First QP=0x0002f5 
264,0.080053,192.168.201.2,192.168.201.4,RRoCE,314,105,RC RDMA Write Middle QP=0x0002f5 
265,0.080054,192.168.201.2,192.168.201.4,RRoCE,314,106,RC RDMA Write Middle QP=0x0002f5 
266,0.080054,192.168.201.2,192.168.201.4,RRoCE,314,107,RC RDMA Write Middle QP=0x0002f5 
267,0.080055,192.168.201.2,192.168.201.4,RRoCE,314,108,RC RDMA Write Middle QP=0x0002f5 
268,0.080056,192.168.201.2,192.168.201.4,RRoCE,314,109,RC RDMA Write Middle QP=0x0002f5 
269,0.080057,192.168.201.2,192.168.201.4,RRoCE,314,110,RC RDMA Write Middle QP=0x0002f5 
270,0.080058,192.168.201.2,192.168.201.4,RRoCE,266,111,RC RDMA Write Last QP=0x0002f5 
274,0.080088,192.168.201.4,192.168.201.2,RRoCE,330,112,RC RDMA Write First QP=0x0002f5 
275,0.080089,192.168.201.4,192.168.201.2,RRoCE,314,113,RC RDMA Write Middle QP=0x0002f5 
276,0.080090,192.168.201.4,192.168.201.2,RRoCE,314,114,RC RDMA Write Middle QP=0x0002f5 
277,0.080091,192.168.201.4,192.168.201.2,RRoCE,314,115,RC RDMA Write Middle QP=0x0002f5 
278,0.080092,192.168.201.4,192.168.201.2,RRoCE,314,116,RC RDMA Write Middle QP=0x0002f5 
279,0.080093,192.168.201.4,192.168.201.2,RRoCE,314,117,RC RDMA Write Middle QP=0x0002f5 
280,0.080094,192.168.201.4,192.168.201.2,RRoCE,314,118,RC RDMA Write Middle QP=0x0002f5 
281,0.080094,192.168.201.4,192.168.201.2,RRoCE,266,119,RC RDMA Write Last QP=0x0002f5 
282,0.080095,192.168.201.2,192.168.201.4,RRoCE,330,112,RC RDMA Write First QP=0x0002f5 
283,0.080096,192.168.201.2,192.168.201.4,RRoCE,314,113,RC RDMA Write Middle QP=0x0002f5 
284,0.080097,192.168.201.2,192.168.201.4,RRoCE,314,114,RC RDMA Write Middle QP=0x0002f5 
285,0.080098,192.168.201.2,192.168.201.4,RRoCE,314,115,RC RDMA Write Middle QP=0x0002f5 
286,0.080099,192.168.201.2,192.168.201.4,RRoCE,314,116,RC RDMA Write Middle QP=0x0002f5 
287,0.080100,192.168.201.2,192.168.201.4,RRoCE,314,117,RC RDMA Write Middle QP=0x0002f5 
288,0.080101,192.168.201.2,192.168.201.4,RRoCE,314,118,RC RDMA Write Middle QP=0x0002f5 
289,0.080121,192.168.201.2,192.168.201.4,RRoCE,266,119,RC RDMA Write Last QP=0x0002f5 
293,0.080152,192.168.201.4,192.168.201.2,RRoCE,330,120,RC RDMA Write First QP=0x0002f5 
294,0.080153,192.168.201.4,192.168.201.2,RRoCE,314,121,RC RDMA Write Middle QP=0x0002f5 
295,0.080154,192.168.201.4,192.168.201.2,RRoCE,314,122,RC RDMA Write Middle QP=0x0002f5 
296,0.080155,192.168.201.4,192.168.201.2,RRoCE,314,123,RC RDMA Write Middle QP=0x0002f5 
297,0.080156,192.168.201.4,192.168.201.2,RRoCE,314,124,RC RDMA Write Middle QP=0x0002f5 
298,0.080157,192.168.201.4,192.168.201.2,RRoCE,314,125,RC RDMA Write Middle QP=0x0002f5 
299,0.080158,192.168.201.4,192.168.201.2,RRoCE,314,126,RC RDMA Write Middle QP=0x0002f5 
300,0.080159,192.168.201.4,192.168.201.2,RRoCE,266,127,RC RDMA Write Last QP=0x0002f5 
301,0.080160,192.168.201.2,192.168.201.4,RRoCE,330,120,RC RDMA Write First QP=0x0002f5 
302,0.080160,192.168.201.2,192.168.201.4,RRoCE,314,121,RC RDMA Write Middle QP=0x0002f5 
303,0.080161,192.168.201.2,192.168.201.4,RRoCE,314,122,RC RDMA Write Middle QP=0x0002f5 
304,0.080162,192.168.201.2,192.168.201.4,RRoCE,314,123,RC RDMA Write Middle QP=0x0002f5 
305,0.080163,192.168.201.2,192.168.201.4,RRoCE,314,124,RC RDMA Write Middle QP=0x0002f5 
306,0.080164,192.168.201.2,192.168.201.4,RRoCE,314,125,RC RDMA Write Middle QP=0x0002f5 
307,0.080165,192.168.201.2,192.168.201.4,RRoCE,314,126,RC RDMA Write Middle QP=0x0002f5 
308,0.080166,192.168.201.2,192.168.201.4,RRoCE,266,127,RC RDMA Write Last QP=0x0002f5 
312,0.080215,192.168.201.4,192.168.201.2,RRoCE,330,128,RC RDMA Write First QP=0x0002f5 
313,0.080216,192.168.201.4,192.168.201.2,RRoCE,314,129,RC RDMA Write Middle QP=0x0002f5 
314,0.080217,192.168.201.4,192.168.201.2,RRoCE,314,130,RC RDMA Write Middle QP=0x0002f5 
315,0.080218,192.168.201.4,192.168.201.2,RRoCE,314,131,RC RDMA Write Middle QP=0x0002f5 
316,0.080219,192.168.201.4,192.168.201.2,RRoCE,314,132,RC RDMA Write Middle QP=0x0002f5 
317,0.080220,192.168.201.4,192.168.201.2,RRoCE,314,133,RC RDMA Write Middle QP=0x0002f5 
318,0.080221,192.168.201.4,192.168.201.2,RRoCE,314,134,RC RDMA Write Middle QP=0x0002f5 
319,0.080249,192.168.201.4,192.168.201.2,RRoCE,266,135,RC RDMA Write Last QP=0x0002f5 
320,0.080250,192.168.201.2,192.168.201.4,RRoCE,330,128,RC RDMA Write First QP=0x0002f5 
321,0.080251,192.168.201.2,192.168.201.4,RRoCE,314,129,RC RDMA Write Middle QP=0x0002f5 
322,0.080252,192.168.201.2,192.168.201.4,RRoCE,314,130,RC RDMA Write Middle QP=0x0002f5 
323,0.080253,192.168.201.2,192.168.201.4,RRoCE,314,131,RC RDMA Write Middle QP=0x0002f5 
324,0.080254,192.168.201.2,192.168.201.4,RRoCE,314,132,RC RDMA Write Middle QP=0x0002f5 
325,0.080255,192.168.201.2,192.168.201.4,RRoCE,314,133,RC RDMA Write Middle QP=0x0002f5 
326,0.080256,192.168.201.2,192.168.201.4,RRoCE,314,134,RC RDMA Write Middle QP=0x0002f5 
327,0.080257,192.168.201.2,192.168.201.4,RRoCE,266,135,RC RDMA Write Last QP=0x0002f5 
331,0.080292,192.168.201.4,192.168.201.2,RRoCE,330,136,RC RDMA Write First QP=0x0002f5 
332,0.080293,192.168.201.4,192.168.201.2,RRoCE,314,137,RC RDMA Write Middle QP=0x0002f5 
333,0.080294,192.168.201.4,192.168.201.2,RRoCE,314,138,RC RDMA Write Middle QP=0x0002f5 
334,0.080295,192.168.201.4,192.168.201.2,RRoCE,314,139,RC RDMA Write Middle QP=0x0002f5 
335,0.080296,192.168.201.4,192.168.201.2,RRoCE,314,140,RC RDMA Write Middle QP=0x0002f5 
336,0.080297,192.168.201.4,192.168.201.2,RRoCE,314,141,RC RDMA Write Middle QP=0x0002f5 
337,0.080298,192.168.201.4,192.168.201.2,RRoCE,314,142,RC RDMA Write Middle QP=0x0002f5 
338,0.080299,192.168.201.4,192.168.201.2,RRoCE,266,143,RC RDMA Write Last QP=0x0002f5 
339,0.080299,192.168.201.2,192.168.201.4,RRoCE,330,136,RC RDMA Write First QP=0x0002f5 
340,0.080300,192.168.201.2,192.168.201.4,RRoCE,314,137,RC RDMA Write Middle QP=0x0002f5 
341,0.080301,192.168.201.2,192.168.201.4,RRoCE,314,138,RC RDMA Write Middle QP=0x0002f5 
342,0.080302,192.168.201.2,192.168.201.4,RRoCE,314,139,RC RDMA Write Middle QP=0x0002f5 
343,0.080303,192.168.201.2,192.168.201.4,RRoCE,314,140,RC RDMA Write Middle QP=0x0002f5 
344,0.080304,192.168.201.2,192.168.201.4,RRoCE,314,141,RC RDMA Write Middle QP=0x0002f5 
345,0.080305,192.168.201.2,192.168.201.4,RRoCE,314,142,RC RDMA Write Middle QP=0x0002f5 
346,0.080325,192.168.201.2,192.168.201.4,RRoCE,266,143,RC RDMA Write Last QP=0x0002f5 
350,0.080356,192.168.201.4,192.168.201.2,RRoCE,330,144,RC RDMA Write First QP=0x0002f5 
351,0.080357,192.168.201.4,192.168.201.2,RRoCE,314,145,RC RDMA Write Middle QP=0x0002f5 
352,0.080358,192.168.201.4,192.168.201.2,RRoCE,314,146,RC RDMA Write Middle QP=0x0002f5 
353,0.080359,192.168.201.4,192.168.201.2,RRoCE,314,147,RC RDMA Write Middle QP=0x0002f5 
354,0.080360,192.168.201.4,192.168.201.2,RRoCE,314,148,RC RDMA Write Middle QP=0x0002f5 
355,0.080361,192.168.201.4,192.168.201.2,RRoCE,314,149,RC RDMA Write Middle QP=0x0002f5 
356,0.080362,192.168.201.4,192.168.201.2,RRoCE,314,150,RC RDMA Write Middle QP=0x0002f5 
357,0.080363,192.168.201.4,192.168.201.2,RRoCE,266,151,RC RDMA Write Last QP=0x0002f5 
358,0.080364,192.168.201.2,192.168.201.4,RRoCE,330,144,RC RDMA Write First QP=0x0002f5 
359,0.080365,192.168.201.2,192.168.201.4,RRoCE,314,145,RC RDMA Write Middle QP=0x0002f5 
360,0.080366,192.168.201.2,192.168.201.4,RRoCE,314,146,RC RDMA Write Middle QP=0x0002f5 
361,0.080367,192.168.201.2,192.168.201.4,RRoCE,314,147,RC RDMA Write Middle QP=0x0002f5 
362,0.080367,192.168.201.2,192.168.201.4,RRoCE,314,148,RC RDMA Write Middle QP=0x0002f5 
363,0.080368,192.168.201.2,192.168.201.4,RRoCE,314,149,RC RDMA Write Middle QP=0x0002f5 
364,0.080369,192.168.201.2,192.168.201.4,RRoCE,314,150,RC RDMA Write Middle QP=0x0002f5 
365,0.080370,192.168.201.2,192.168.201.4,RRoCE,266,151,RC RDMA Write Last QP=0x0002f5 
369,0.080412,192.168.201.4,192.168.201.2,RRoCE,330,152,RC RDMA Write First QP=0x0002f5 
370,0.080413,192.168.201.4,192.168.201.2,RRoCE,314,153,RC RDMA Write Middle QP=0x0002f5 
371,0.080414,192.168.201.4,192.168.201.2,RRoCE,314,154,RC RDMA Write Middle QP=0x0002f5 
372,0.080415,192.168.201.4,192.168.201.2,RRoCE,314,155,RC RDMA Write Middle QP=0x0002f5 
373,0.080416,192.168.201.4,192.168.201.2,RRoCE,314,156,RC RDMA Write Middle QP=0x0002f5 
374,0.080417,192.168.201.4,192.168.201.2,RRoCE,314,157,RC RDMA Write Middle QP=0x0002f5 
375,0.080418,192.168.201.4,192.168.201.2,RRoCE,314,158,RC RDMA Write Middle QP=0x0002f5 
376,0.080447,192.168.201.4,192.168.201.2,RRoCE,266,159,RC RDMA Write Last QP=0x0002f5 
377,0.080448,192.168.201.2,192.168.201.4,RRoCE,330,152,RC RDMA Write First QP=0x0002f5 
378,0.080448,192.168.201.2,192.168.201.4,RRoCE,314,153,RC RDMA Write Middle QP=0x0002f5 
379,0.080449,192.168.201.2,192.168.201.4,RRoCE,314,154,RC RDMA Write Middle QP=0x0002f5 
380,0.080450,192.168.201.2,192.168.201.4,RRoCE,314,155,RC RDMA Write Middle QP=0x0002f5 
381,0.080451,192.168.201.2,192.168.201.4,RRoCE,314,156,RC RDMA Write Middle QP=0x0002f5 
382,0.080452,192.168.201.2,192.168.201.4,RRoCE,314,157,RC RDMA Write Middle QP=0x0002f5 
383,0.080453,192.168.201.2,192.168.201.4,RRoCE,314,158,RC RDMA Write Middle QP=0x0002f5 
384,0.080454,192.168.201.2,192.168.201.4,RRoCE,266,159,RC RDMA Write Last QP=0x0002f5 
388,0.080485,192.168.201.4,192.168.201.2,RRoCE,330,160,RC RDMA Write First QP=0x0002f5 
389,0.080486,192.168.201.4,192.168.201.2,RRoCE,314,161,RC RDMA Write Middle QP=0x0002f5 
390,0.080487,192.168.201.4,192.168.201.2,RRoCE,314,162,RC RDMA Write Middle QP=0x0002f5 
391,0.080488,192.168.201.4,192.168.201.2,RRoCE,314,163,RC RDMA Write Middle QP=0x0002f5 
392,0.080489,192.168.201.4,192.168.201.2,RRoCE,314,164,RC RDMA Write Middle QP=0x0002f5 
393,0.080490,192.168.201.4,192.168.201.2,RRoCE,314,165,RC RDMA Write Middle QP=0x0002f5 
394,0.080490,192.168.201.4,192.168.201.2,RRoCE,314,166,RC RDMA Write Middle QP=0x0002f5 
395,0.080491,192.168.201.4,192.168.201.2,RRoCE,266,167,RC RDMA Write Last QP=0x0002f5 
396,0.080492,192.168.201.2,192.168.201.4,RRoCE,330,160,RC RDMA Write First QP=0x0002f5 
397,0.080493,192.168.201.2,192.168.201.4,RRoCE,314,161,RC RDMA Write Middle QP=0x0002f5 
398,0.080494,192.168.201.2,192.168.201.4,RRoCE,314,162,RC RDMA Write Middle QP=0x0002f5 
399,0.080495,192.168.201.2,192.168.201.4,RRoCE,314,163,RC RDMA Write Middle QP=0x0002f5 
400,0.080496,192.168.201.2,192.168.201.4,RRoCE,314,164,RC RDMA Write Middle QP=0x0002f5 
401,0.080497,192.168.201.2,192.168.201.4,RRoCE,314,165,RC RDMA Write Middle QP=0x0002f5 
402,0.080498,192.168.201.2,192.168.201.4,RRoCE,314,166,RC RDMA Write Middle QP=0x0002f5 
403,0.080517,192.168.201.2,192.168.201.4,RRoCE,266,167,RC RDMA Write Last QP=0x0002f5 
407,0.080548,192.168.201.4,192.168.201.2,RRoCE,330,168,RC RDMA Write First QP=0x0002f5 
408,0.080550,192.168.201.4,192.168.201.2,RRoCE,314,169,RC RDMA Write Middle QP=0x0002f5 
409,0.080551,192.168.201.4,192.168.201.2,RRoCE,314,170,RC RDMA Write Middle QP=0x0002f5 
410,0.080551,192.168.201.4,192.168.201.2,RRoCE,314,171,RC RDMA Write Middle QP=0x0002f5 
411,0.080552,192.168.201.4,192.168.201.2,RRoCE,314,172,RC RDMA Write Middle QP=0x0002f5 
412,0.080553,192.168.201.4,192.168.201.2,RRoCE,314,173,RC RDMA Write Middle QP=0x0002f5 
413,0.080554,192.168.201.4,192.168.201.2,RRoCE,314,174,RC RDMA Write Middle QP=0x0002f5 
414,0.080555,192.168.201.4,192.168.201.2,RRoCE,266,175,RC RDMA Write Last QP=0x0002f5 
415,0.080556,192.168.201.2,192.168.201.4,RRoCE,330,168,RC RDMA Write First QP=0x0002f5 
416,0.080557,192.168.201.2,192.168.201.4,RRoCE,314,169,RC RDMA Write Middle QP=0x0002f5 
417,0.080558,192.168.201.2,192.168.201.4,RRoCE,314,170,RC RDMA Write Middle QP=0x0002f5 
418,0.080559,192.168.201.2,192.168.201.4,RRoCE,314,171,RC RDMA Write Middle QP=0x0002f5 
419,0.080560,192.168.201.2,192.168.201.4,RRoCE,314,172,RC RDMA Write Middle QP=0x0002f5 
420,0.080561,192.168.201.2,192.168.201.4,RRoCE,314,173,RC RDMA Write Middle QP=0x0002f5 
421,0.080562,192.168.201.2,192.168.201.4,RRoCE,314,174,RC RDMA Write Middle QP=0x0002f5 
422,0.080562,192.168.201.2,192.168.201.4,RRoCE,266,175,RC RDMA Write Last QP=0x0002f5 
426,0.080601,192.168.201.4,192.168.201.2,RRoCE,330,176,RC RDMA Write First QP=0x0002f5 
427,0.080602,192.168.201.4,192.168.201.2,RRoCE,314,177,RC RDMA Write Middle QP=0x0002f5 
428,0.080603,192.168.201.4,192.168.201.2,RRoCE,314,178,RC RDMA Write Middle QP=0x0002f5 
429,0.080604,192.168.201.4,192.168.201.2,RRoCE,314,179,RC RDMA Write Middle QP=0x0002f5 
430,0.080605,192.168.201.4,192.168.201.2,RRoCE,314,180,RC RDMA Write Middle QP=0x0002f5 
431,0.080606,192.168.201.4,192.168.201.2,RRoCE,314,181,RC RDMA Write Middle QP=0x0002f5 
432,0.080607,192.168.201.4,192.168.201.2,RRoCE,314,182,RC RDMA Write Middle QP=0x0002f5 
433,0.080637,192.168.201.4,192.168.201.2,RRoCE,266,183,RC RDMA Write Last QP=0x0002f5 
434,0.080638,192.168.201.2,192.168.201.4,RRoCE,330,176,RC RDMA Write First QP=0x0002f5 
435,0.080639,192.168.201.2,192.168.201.4,RRoCE,314,177,RC RDMA Write Middle QP=0x0002f5 
436,0.080640,192.168.201.2,192.168.201.4,RRoCE,314,178,RC RDMA Write Middle QP=0x0002f5 
437,0.080640,192.168.201.2,192.168.201.4,RRoCE,314,179,RC RDMA Write Middle QP=0x0002f5 
438,0.080641,192.168.201.2,192.168.201.4,RRoCE,314,180,RC RDMA Write Middle QP=0x0002f5 
439,0.080642,192.168.201.2,192.168.201.4,RRoCE,314,181,RC RDMA Write Middle QP=0x0002f5 
440,0.080643,192.168.201.2,192.168.201.4,RRoCE,314,182,RC RDMA Write Middle QP=0x0002f5 
441,0.080644,192.168.201.2,192.168.201.4,RRoCE,266,183,RC RDMA Write Last QP=0x0002f5 
445,0.080674,192.168.201.4,192.168.201.2,RRoCE,330,184,RC RDMA Write First QP=0x0002f5 
446,0.080675,192.168.201.4,192.168.201.2,RRoCE,314,185,RC RDMA Write Middle QP=0x0002f5 
447,0.080676,192.168.201.4,192.168.201.2,RRoCE,314,186,RC RDMA Write Middle QP=0x0002f5 
448,0.080677,192.168.201.4,192.168.201.2,RRoCE,314,187,RC RDMA Write Middle QP=0x0002f5 
449,0.080678,192.168.201.4,192.168.201.2,RRoCE,314,188,RC RDMA Write Middle QP=0x0002f5 
450,0.080679,192.168.201.4,192.168.201.2,RRoCE,314,189,RC RDMA Write Middle QP=0x0002f5 
451,0.080680,192.168.201.4,192.168.201.2,RRoCE,314,190,RC RDMA Write Middle QP=0x0002f5 
452,0.080681,192.168.201.4,192.168.201.2,RRoCE,266,191,RC RDMA Write Last QP=0x0002f5 
453,0.080682,192.168.201.2,192.168.201.4,RRoCE,330,184,RC RDMA Write First QP=0x0002f5 
454,0.080683,192.168.201.2,192.168.201.4,RRoCE,314,185,RC RDMA Write Middle QP=0x0002f5 
455,0.080683,192.168.201.2,192.168.201.4,RRoCE,314,186,RC RDMA Write Middle QP=0x0002f5 
456,0.080685,192.168.201.2,192.168.201.4,RRoCE,314,187,RC RDMA Write Middle QP=0x0002f5 
457,0.080685,192.168.201.2,192.168.201.4,RRoCE,314,188,RC RDMA Write Middle QP=0x0002f5 
458,0.080686,192.168.201.2,192.168.201.4,RRoCE,314,189,RC RDMA Write Middle QP=0x0002f5 
459,0.080687,192.168.201.2,192.168.201.4,RRoCE,314,190,RC RDMA Write Middle QP=0x0002f5 
460,0.080710,192.168.201.2,192.168.201.4,RRoCE,266,191,RC RDMA Write Last QP=0x0002f5 
464,0.080718,192.168.201.4,192.168.201.2,RRoCE,330,192,RC RDMA Write First QP=0x0002f5 
465,0.080719,192.168.201.4,192.168.201.2,RRoCE,314,193,RC RDMA Write Middle QP=0x0002f5 
466,0.080720,192.168.201.4,192.168.201.2,RRoCE,314,194,RC RDMA Write Middle QP=0x0002f5 
467,0.080721,192.168.201.4,192.168.201.2,RRoCE,314,195,RC RDMA Write Middle QP=0x0002f5 
468,0.080722,192.168.201.4,192.168.201.2,RRoCE,314,196,RC RDMA Write Middle QP=0x0002f5 
469,0.080722,192.168.201.4,192.168.201.2,RRoCE,314,197,RC RDMA Write Middle QP=0x0002f5 
470,0.080723,192.168.201.4,192.168.201.2,RRoCE,314,198,RC RDMA Write Middle QP=0x0002f5 
471,0.080724,192.168.201.4,192.168.201.2,RRoCE,266,199,RC RDMA Write Last QP=0x0002f5 
472,0.080725,192.168.201.2,192.168.201.4,RRoCE,330,192,RC RDMA Write First QP=0x0002f5 
473,0.080726,192.168.201.2,192.168.201.4,RRoCE,314,193,RC RDMA Write Middle QP=0x0002f5 
474,0.080727,192.168.201.2,192.168.201.4,RRoCE,314,194,RC RDMA Write Middle QP=0x0002f5 
475,0.080728,192.168.201.2,192.168.201.4,RRoCE,314,195,RC RDMA Write Middle QP=0x0002f5 
476,0.080729,192.168.201.2,192.168.201.4,RRoCE,314,196,RC RDMA Write Middle QP=0x0002f5 
477,0.080730,192.168.201.2,192.168.201.4,RRoCE,314,197,RC RDMA Write Middle QP=0x0002f5 
478,0.080731,192.168.201.2,192.168.201.4,RRoCE,314,198,RC RDMA Write Middle QP=0x0002f5 
479,0.080731,192.168.201.2,192.168.201.4,RRoCE,266,199,RC RDMA Write Last QP=0x0002f5 
483,0.080795,192.168.201.4,192.168.201.2,RRoCE,330,200,RC RDMA Write First QP=0x0002f5 
484,0.080796,192.168.201.4,192.168.201.2,RRoCE,314,201,RC RDMA Write Middle QP=0x0002f5 
485,0.080797,192.168.201.4,192.168.201.2,RRoCE,314,202,RC RDMA Write Middle QP=0x0002f5 
486,0.080798,192.168.201.4,192.168.201.2,RRoCE,314,203,RC RDMA Write Middle QP=0x0002f5 
487,0.080799,192.168.201.4,192.168.201.2,RRoCE,314,204,RC RDMA Write Middle QP=0x0002f5 
488,0.080800,192.168.201.4,192.168.201.2,RRoCE,314,205,RC RDMA Write Middle QP=0x0002f5 
489,0.080801,192.168.201.4,192.168.201.2,RRoCE,314,206,RC RDMA Write Middle QP=0x0002f5 
490,0.080823,192.168.201.4,192.168.201.2,RRoCE,266,207,RC RDMA Write Last QP=0x0002f5 
491,0.080824,192.168.201.2,192.168.201.4,RRoCE,330,200,RC RDMA Write First QP=0x0002f5 
492,0.080825,192.168.201.2,192.168.201.4,RRoCE,314,201,RC RDMA Write Middle QP=0x0002f5 
493,0.080826,192.168.201.2,192.168.201.4,RRoCE,314,202,RC RDMA Write Middle QP=0x0002f5 
494,0.080827,192.168.201.2,192.168.201.4,RRoCE,314,203,RC RDMA Write Middle QP=0x0002f5 
495,0.080828,192.168.201.2,192.168.201.4,RRoCE,314,204,RC RDMA Write Middle QP=0x0002f5 
496,0.080829,192.168.201.2,192.168.201.4,RRoCE,314,205,RC RDMA Write Middle QP=0x0002f5 
497,0.080830,192.168.201.2,192.168.201.4,RRoCE,314,206,RC RDMA Write Middle QP=0x0002f5 
498,0.080830,192.168.201.2,192.168.201.4,RRoCE,266,207,RC RDMA Write Last QP=0x0002f5 
502,0.080860,192.168.201.4,192.168.201.2,RRoCE,330,208,RC RDMA Write First QP=0x0002f5 
503,0.080861,192.168.201.4,192.168.201.2,RRoCE,314,209,RC RDMA Write Middle QP=0x0002f5 
504,0.080862,192.168.201.4,192.168.201.2,RRoCE,314,210,RC RDMA Write Middle QP=0x0002f5 
505,0.080863,192.168.201.4,192.168.201.2,RRoCE,314,211,RC RDMA Write Middle QP=0x0002f5 
506,0.080864,192.168.201.4,192.168.201.2,RRoCE,314,212,RC RDMA Write Middle QP=0x0002f5 
507,0.080865,192.168.201.4,192.168.201.2,RRoCE,314,213,RC RDMA Write Middle QP=0x0002f5 
508,0.080866,192.168.201.4,192.168.201.2,RRoCE,314,214,RC RDMA Write Middle QP=0x0002f5 
509,0.080867,192.168.201.4,192.168.201.2,RRoCE,266,215,RC RDMA Write Last QP=0x0002f5 
510,0.080868,192.168.201.2,192.168.201.4,RRoCE,330,208,RC RDMA Write First QP=0x0002f5 
511,0.080869,192.168.201.2,192.168.201.4,RRoCE,314,209,RC RDMA Write Middle QP=0x0002f5 
512,0.080870,192.168.201.2,192.168.201.4,RRoCE,314,210,RC RDMA Write Middle QP=0x0002f5 
513,0.080871,192.168.201.2,192.168.201.4,RRoCE,314,211,RC RDMA Write Middle QP=0x0002f5 
514,0.080872,192.168.201.2,192.168.201.4,RRoCE,314,212,RC RDMA Write Middle QP=0x0002f5 
515,0.080873,192.168.201.2,192.168.201.4,RRoCE,314,213,RC RDMA Write Middle QP=0x0002f5 
516,0.080874,192.168.201.2,192.168.201.4,RRoCE,314,214,RC RDMA Write Middle QP=0x0002f5 
517,0.080892,192.168.201.2,192.168.201.4,RRoCE,266,215,RC RDMA Write Last QP=0x0002f5 
521,0.080924,192.168.201.4,192.168.201.2,RRoCE,330,216,RC RDMA Write First QP=0x0002f5 
522,0.080925,192.168.201.4,192.168.201.2,RRoCE,314,217,RC RDMA Write Middle QP=0x0002f5 
523,0.080926,192.168.201.4,192.168.201.2,RRoCE,314,218,RC RDMA Write Middle QP=0x0002f5 
524,0.080927,192.168.201.4,192.168.201.2,RRoCE,314,219,RC RDMA Write Middle QP=0x0002f5 
525,0.080928,192.168.201.4,192.168.201.2,RRoCE,314,220,RC RDMA Write Middle QP=0x0002f5 
526,0.080929,192.168.201.4,192.168.201.2,RRoCE,314,221,RC RDMA Write Middle QP=0x0002f5 
527,0.080930,192.168.201.4,192.168.201.2,RRoCE,314,222,RC RDMA Write Middle QP=0x0002f5 
528,0.080931,192.168.201.4,192.168.201.2,RRoCE,266,223,RC RDMA Write Last QP=0x0002f5 
529,0.080931,192.168.201.2,192.168.201.4,RRoCE,330,216,RC RDMA Write First QP=0x0002f5 
530,0.080932,192.168.201.2,192.168.201.4,RRoCE,314,217,RC RDMA Write Middle QP=0x0002f5 
531,0.080933,192.168.201.2,192.168.201.4,RRoCE,314,218,RC RDMA Write Middle QP=0x0002f5 
532,0.080934,192.168.201.2,192.168.201.4,RRoCE,314,219,RC RDMA Write Middle QP=0x0002f5 
533,0.080935,192.168.201.2,192.168.201.4,RRoCE,314,220,RC RDMA Write Middle QP=0x0002f5 
534,0.080936,192.168.201.2,192.168.201.4,RRoCE,314,221,RC RDMA Write Middle QP=0x0002f5 
535,0.080937,192.168.201.2,192.168.201.4,RRoCE,314,222,RC RDMA Write Middle QP=0x0002f5 
536,0.080938,192.168.201.2,192.168.201.4,RRoCE,266,223,RC RDMA Write Last QP=0x0002f5 
540,0.080996,192.168.201.4,192.168.201.2,RRoCE,330,224,RC RDMA Write First QP=0x0002f5 
541,0.080997,192.168.201.4,192.168.201.2,RRoCE,314,225,RC RDMA Write Middle QP=0x0002f5 
542,0.080998,192.168.201.4,192.168.201.2,RRoCE,314,226,RC RDMA Write Middle QP=0x0002f5 
543,0.080999,192.168.201.4,192.168.201.2,RRoCE,314,227,RC RDMA Write Middle QP=0x0002f5 
544,0.081000,192.168.201.4,192.168.201.2,RRoCE,314,228,RC RDMA Write Middle QP=0x0002f5 
545,0.081001,192.168.201.4,192.168.201.2,RRoCE,314,229,RC RDMA Write Middle QP=0x0002f5 
546,0.081002,192.168.201.4,192.168.201.2,RRoCE,314,230,RC RDMA Write Middle QP=0x0002f5 
547,0.081025,192.168.201.4,192.168.201.2,RRoCE,266,231,RC RDMA Write Last QP=0x0002f5 
548,0.081026,192.168.201.2,192.168.201.4,RRoCE,330,224,RC RDMA Write First QP=0x0002f5 
549,0.081027,192.168.201.2,192.168.201.4,RRoCE,314,225,RC RDMA Write Middle QP=0x0002f5 
550,0.081028,192.168.201.2,192.168.201.4,RRoCE,314,226,RC RDMA Write Middle QP=0x0002f5 
551,0.081029,192.168.201.2,192.168.201.4,RRoCE,314,227,RC RDMA Write Middle QP=0x0002f5 
552,0.081030,192.168.201.2,192.168.201.4,RRoCE,314,228,RC RDMA Write Middle QP=0x0002f5 
553,0.081031,192.168.201.2,192.168.201.4,RRoCE,314,229,RC RDMA Write Middle QP=0x0002f5 
554,0.081032,192.168.201.2,192.168.201.4,RRoCE,314,230,RC RDMA Write Middle QP=0x0002f5 
555,0.081033,192.168.201.2,192.168.201.4,RRoCE,266,231,RC RDMA Write Last QP=0x0002f5 
559,0.081065,192.168.201.4,192.168.201.2,RRoCE,330,232,RC RDMA Write First QP=0x0002f5 
560,0.081066,192.168.201.4,192.168.201.2,RRoCE,314,233,RC RDMA Write Middle QP=0x0002f5 
561,0.081067,192.168.201.4,192.168.201.2,RRoCE,314,234,RC RDMA Write Middle QP=0x0002f5 
562,0.081067,192.168.201.4,192.168.201.2,RRoCE,314,235,RC RDMA Write Middle QP=0x0002f5 
563,0.081068,192.168.201.4,192.168.201.2,RRoCE,314,236,RC RDMA Write Middle QP=0x0002f5 
564,0.081069,192.168.201.4,192.168.201.2,RRoCE,314,237,RC RDMA Write Middle QP=0x0002f5 
565,0.081070,192.168.201.4,192.168.201.2,RRoCE,314,238,RC RDMA Write Middle QP=0x0002f5 
566,0.081071,192.168.201.4,192.168.201.2,RRoCE,266,239,RC RDMA Write Last QP=0x0002f5 
567,0.081072,192.168.201.2,192.168.201.4,RRoCE,330,232,RC RDMA Write First QP=0x0002f5 
568,0.081073,192.168.201.2,192.168.201.4,RRoCE,314,233,RC RDMA Write Middle QP=0x0002f5 
569,0.081074,192.168.201.2,192.168.201.4,RRoCE,314,234,RC RDMA Write Middle QP=0x0002f5 
570,0.081075,192.168.201.2,192.168.201.4,RRoCE,314,235,RC RDMA Write Middle QP=0x0002f5 
571,0.081076,192.168.201.2,192.168.201.4,RRoCE,314,236,RC RDMA Write Middle QP=0x0002f5 
572,0.081077,192.168.201.2,192.168.201.4,RRoCE,314,237,RC RDMA Write Middle QP=0x0002f5 
573,0.081078,192.168.201.2,192.168.201.4,RRoCE,314,238,RC RDMA Write Middle QP=0x0002f5 
574,0.081096,192.168.201.2,192.168.201.4,RRoCE,266,239,RC RDMA Write Last QP=0x0002f5 
578,0.081132,192.168.201.4,192.168.201.2,RRoCE,330,240,RC RDMA Write First QP=0x0002f5 
579,0.081133,192.168.201.4,192.168.201.2,RRoCE,314,241,RC RDMA Write Middle QP=0x0002f5 
580,0.081134,192.168.201.4,192.168.201.2,RRoCE,314,242,RC RDMA Write Middle QP=0x0002f5 
581,0.081135,192.168.201.4,192.168.201.2,RRoCE,314,243,RC RDMA Write Middle QP=0x0002f5 
582,0.081136,192.168.201.4,192.168.201.2,RRoCE,314,244,RC RDMA Write Middle QP=0x0002f5 
583,0.081137,192.168.201.4,192.168.201.2,RRoCE,314,245,RC RDMA Write Middle QP=0x0002f5 
584,0.081138,192.168.201.4,192.168.201.2,RRoCE,314,246,RC RDMA Write Middle QP=0x0002f5 
585,0.081139,192.168.201.4,192.168.201.2,RRoCE,266,247,RC RDMA Write Last QP=0x0002f5 
586,0.081140,192.168.201.2,192.168.201.4,RRoCE,330,240,RC RDMA Write First QP=0x0002f5 
587,0.081141,192.168.201.2,192.168.201.4,RRoCE,314,241,RC RDMA Write Middle QP=0x0002f5 
588,0.081142,192.168.201.2,192.168.201.4,RRoCE,314,242,RC RDMA Write Middle QP=0x0002f5 
589,0.081143,192.168.201.2,192.168.201.4,RRoCE,314,243,RC RDMA Write Middle QP=0x0002f5 
590,0.081144,192.168.201.2,192.168.201.4,RRoCE,314,244,RC RDMA Write Middle QP=0x0002f5 
591,0.081144,192.168.201.2,192.168.201.4,RRoCE,314,245,RC RDMA Write Middle QP=0x0002f5 
592,0.081145,192.168.201.2,192.168.201.4,RRoCE,314,246,RC RDMA Write Middle QP=0x0002f5 
593,0.081146,192.168.201.2,192.168.201.4,RRoCE,266,247,RC RDMA Write Last QP=0x0002f5 
597,0.081208,192.168.201.4,192.168.201.2,RRoCE,330,248,RC RDMA Write First QP=0x0002f5 
598,0.081209,192.168.201.4,192.168.201.2,RRoCE,314,249,RC RDMA Write Middle QP=0x0002f5 
599,0.081210,192.168.201.4,192.168.201.2,RRoCE,314,250,RC RDMA Write Middle QP=0x0002f5 
600,0.081211,192.168.201.4,192.168.201.2,RRoCE,314,251,RC RDMA Write Middle QP=0x0002f5 
601,0.081212,192.168.201.4,192.168.201.2,RRoCE,314,252,RC RDMA Write Middle QP=0x0002f5 
602,0.081213,192.168.201.4,192.168.201.2,RRoCE,314,253,RC RDMA Write Middle QP=0x0002f5 
603,0.081214,192.168.201.4,192.168.201.2,RRoCE,314,254,RC RDMA Write Middle QP=0x0002f5 
604,0.081240,192.168.201.4,192.168.201.2,RRoCE,266,255,RC RDMA Write Last QP=0x0002f5 
605,0.081241,192.168.201.2,192.168.201.4,RRoCE,330,248,RC RDMA Write First QP=0x0002f5 
606,0.081242,192.168.201.2,192.168.201.4,RRoCE,314,249,RC RDMA Write Middle QP=0x0002f5 
607,0.081243,192.168.201.2,192.168.201.4,RRoCE,314,250,RC RDMA Write Middle QP=0x0002f5 
608,0.081245,192.168.201.2,192.168.201.4,RRoCE,314,251,RC RDMA Write Middle QP=0x0002f5 
609,0.081245,192.168.201.2,192.168.201.4,RRoCE,314,252,RC RDMA Write Middle QP=0x0002f5 
610,0.081246,192.168.201.2,192.168.201.4,RRoCE,314,253,RC RDMA Write Middle QP=0x0002f5 
611,0.081247,192.168.201.2,192.168.201.4,RRoCE,314,254,RC RDMA Write Middle QP=0x0002f5 
612,0.081248,192.168.201.2,192.168.201.4,RRoCE,266,255,RC RDMA Write Last QP=0x0002f5 
616,0.081284,192.168.201.4,192.168.201.2,RRoCE,330,256,RC RDMA Write First QP=0x0002f5 
617,0.081285,192.168.201.4,192.168.201.2,RRoCE,314,257,RC RDMA Write Middle QP=0x0002f5 
618,0.081286,192.168.201.4,192.168.201.2,RRoCE,314,258,RC RDMA Write Middle QP=0x0002f5 
619,0.081287,192.168.201.4,192.168.201.2,RRoCE,314,259,RC RDMA Write Middle QP=0x0002f5 
620,0.081288,192.168.201.4,192.168.201.2,RRoCE,314,260,RC RDMA Write Middle QP=0x0002f5 
621,0.081289,192.168.201.4,192.168.201.2,RRoCE,314,261,RC RDMA Write Middle QP=0x0002f5 
622,0.081290,192.168.201.4,192.168.201.2,RRoCE,314,262,RC RDMA Write Middle QP=0x0002f5 
623,0.081290,192.168.201.4,192.168.201.2,RRoCE,266,263,RC RDMA Write Last QP=0x0002f5 
624,0.081291,192.168.201.2,192.168.201.4,RRoCE,330,256,RC RDMA Write First QP=0x0002f5 
625,0.081292,192.168.201.2,192.168.201.4,RRoCE,314,257,RC RDMA Write Middle QP=0x0002f5 
626,0.081293,192.168.201.2,192.168.201.4,RRoCE,314,258,RC RDMA Write Middle QP=0x0002f5 
627,0.081294,192.168.201.2,192.168.201.4,RRoCE,314,259,RC RDMA Write Middle QP=0x0002f5 
628,0.081295,192.168.201.2,192.168.201.4,RRoCE,314,260,RC RDMA Write Middle QP=0x0002f5 
629,0.081296,192.168.201.2,192.168.201.4,RRoCE,314,261,RC RDMA Write Middle QP=0x0002f5 
630,0.081297,192.168.201.2,192.168.201.4,RRoCE,314,262,RC RDMA Write Middle QP=0x0002f5 
631,0.081315,192.168.201.2,192.168.201.4,RRoCE,266,263,RC RDMA Write Last QP=0x0002f5 
635,0.081347,192.168.201.4,192.168.201.2,RRoCE,330,264,RC RDMA Write First QP=0x0002f5 
636,0.081348,192.168.201.4,192.168.201.2,RRoCE,314,265,RC RDMA Write Middle QP=0x0002f5 
637,0.081349,192.168.201.4,192.168.201.2,RRoCE,314,266,RC RDMA Write Middle QP=0x0002f5 
638,0.081350,192.168.201.4,192.168.201.2,RRoCE,314,267,RC RDMA Write Middle QP=0x0002f5 
639,0.081351,192.168.201.4,192.168.201.2,RRoCE,314,268,RC RDMA Write Middle QP=0x0002f5 
640,0.081352,192.168.201.4,192.168.201.2,RRoCE,314,269,RC RDMA Write Middle QP=0x0002f5 
641,0.081353,192.168.201.4,192.168.201.2,RRoCE,314,270,RC RDMA Write Middle QP=0x0002f5 
642,0.081354,192.168.201.4,192.168.201.2,RRoCE,266,271,RC RDMA Write Last QP=0x0002f5 
643,0.081355,192.168.201.2,192.168.201.4,RRoCE,330,264,RC RDMA Write First QP=0x0002f5 
644,0.081356,192.168.201.2,192.168.201.4,RRoCE,314,265,RC RDMA Write Middle QP=0x0002f5 
645,0.081357,192.168.201.2,192.168.201.4,RRoCE,314,266,RC RDMA Write Middle QP=0x0002f5 
646,0.081358,192.168.201.2,192.168.201.4,RRoCE,314,267,RC RDMA Write Middle QP=0x0002f5 
647,0.081358,192.168.201.2,192.168.201.4,RRoCE,314,268,RC RDMA Write Middle QP=0x0002f5 
648,0.081360,192.168.201.2,192.168.201.4,RRoCE,314,269,RC RDMA Write Middle QP=0x0002f5 
649,0.081360,192.168.201.2,192.168.201.4,RRoCE,314,270,RC RDMA Write Middle QP=0x0002f5 
650,0.081362,192.168.201.2,192.168.201.4,RRoCE,266,271,RC RDMA Write Last QP=0x0002f5 
654,0.081416,192.168.201.4,192.168.201.2,RRoCE,330,272,RC RDMA Write First QP=0x0002f5 
655,0.081417,192.168.201.4,192.168.201.2,RRoCE,314,273,RC RDMA Write Middle QP=0x0002f5 
656,0.081418,192.168.201.4,192.168.201.2,RRoCE,314,274,RC RDMA Write Middle QP=0x0002f5 
657,0.081419,192.168.201.4,192.168.201.2,RRoCE,314,275,RC RDMA Write Middle QP=0x0002f5 
658,0.081420,192.168.201.4,192.168.201.2,RRoCE,314,276,RC RDMA Write Middle QP=0x0002f5 
659,0.081421,192.168.201.4,192.168.201.2,RRoCE,314,277,RC RDMA Write Middle QP=0x0002f5 
660,0.081422,192.168.201.4,192.168.201.2,RRoCE,314,278,RC RDMA Write Middle QP=0x0002f5 
661,0.081453,192.168.201.4,192.168.201.2,RRoCE,266,279,RC RDMA Write Last QP=0x0002f5 
662,0.081454,192.168.201.2,192.168.201.4,RRoCE,330,272,RC RDMA Write First QP=0x0002f5 
663,0.081455,192.168.201.2,192.168.201.4,RRoCE,314,273,RC RDMA Write Middle QP=0x0002f5 
664,0.081456,192.168.201.2,192.168.201.4,RRoCE,314,274,RC RDMA Write Middle QP=0x0002f5 
665,0.081457,192.168.201.2,192.168.201.4,RRoCE,314,275,RC RDMA Write Middle QP=0x0002f5 
666,0.081458,192.168.201.2,192.168.201.4,RRoCE,314,276,RC RDMA Write Middle QP=0x0002f5 
667,0.081459,192.168.201.2,192.168.201.4,RRoCE,314,277,RC RDMA Write Middle QP=0x0002f5 
668,0.081460,192.168.201.2,192.168.201.4,RRoCE,314,278,RC RDMA Write Middle QP=0x0002f5 
669,0.081461,192.168.201.2,192.168.201.4,RRoCE,266,279,RC RDMA Write Last QP=0x0002f5 
673,0.081492,192.168.201.4,192.168.201.2,RRoCE,330,280,RC RDMA Write First QP=0x0002f5 
674,0.081493,192.168.201.4,192.168.201.2,RRoCE,314,281,RC RDMA Write Middle QP=0x0002f5 
675,0.081494,192.168.201.4,192.168.201.2,RRoCE,314,282,RC RDMA Write Middle QP=0x0002f5 
676,0.081495,192.168.201.4,192.168.201.2,RRoCE,314,283,RC RDMA Write Middle QP=0x0002f5 
677,0.081496,192.168.201.4,192.168.201.2,RRoCE,314,284,RC RDMA Write Middle QP=0x0002f5 
678,0.081497,192.168.201.4,192.168.201.2,RRoCE,314,285,RC RDMA Write Middle QP=0x0002f5 
679,0.081498,192.168.201.4,192.168.201.2,RRoCE,314,286,RC RDMA Write Middle QP=0x0002f5 
680,0.081499,192.168.201.4,192.168.201.2,RRoCE,266,287,RC RDMA Write Last QP=0x0002f5 
681,0.081500,192.168.201.2,192.168.201.4,RRoCE,330,280,RC RDMA Write First QP=0x0002f5 
682,0.081501,192.168.201.2,192.168.201.4,RRoCE,314,281,RC RDMA Write Middle QP=0x0002f5 
683,0.081502,192.168.201.2,192.168.201.4,RRoCE,314,282,RC RDMA Write Middle QP=0x0002f5 
684,0.081503,192.168.201.2,192.168.201.4,RRoCE,314,283,RC RDMA Write Middle QP=0x0002f5 
685,0.081503,192.168.201.2,192.168.201.4,RRoCE,314,284,RC RDMA Write Middle QP=0x0002f5 
686,0.081504,192.168.201.2,192.168.201.4,RRoCE,314,285,RC RDMA Write Middle QP=0x0002f5 
687,0.081505,192.168.201.2,192.168.201.4,RRoCE,314,286,RC RDMA Write Middle QP=0x0002f5 
688,0.081525,192.168.201.2,192.168.201.4,RRoCE,266,287,RC RDMA Write Last QP=0x0002f5 
692,0.081553,192.168.201.4,192.168.201.2,RRoCE,330,288,RC RDMA Write First QP=0x0002f5 
693,0.081555,192.168.201.4,192.168.201.2,RRoCE,314,289,RC RDMA Write Middle QP=0x0002f5 
694,0.081556,192.168.201.4,192.168.201.2,RRoCE,314,290,RC RDMA Write Middle QP=0x0002f5 
695,0.081557,192.168.201.4,192.168.201.2,RRoCE,314,291,RC RDMA Write Middle QP=0x0002f5 
696,0.081558,192.168.201.4,192.168.201.2,RRoCE,314,292,RC RDMA Write Middle QP=0x0002f5 
697,0.081559,192.168.201.4,192.168.201.2,RRoCE,314,293,RC RDMA Write Middle QP=0x0002f5 
698,0.081560,192.168.201.4,192.168.201.2,RRoCE,314,294,RC RDMA Write Middle QP=0x0002f5 
699,0.081560,192.168.201.4,192.168.201.2,RRoCE,266,295,RC RDMA Write Last QP=0x0002f5 
700,0.081562,192.168.201.2,192.168.201.4,RRoCE,330,288,RC RDMA Write First QP=0x0002f5 
701,0.081562,192.168.201.2,192.168.201.4,RRoCE,314,289,RC RDMA Write Middle QP=0x0002f5 
702,0.081563,192.168.201.2,192.168.201.4,RRoCE,314,290,RC RDMA Write Middle QP=0x0002f5 
703,0.081564,192.168.201.2,192.168.201.4,RRoCE,314,291,RC RDMA Write Middle QP=0x0002f5 
704,0.081565,192.168.201.2,192.168.201.4,RRoCE,314,292,RC RDMA Write Middle QP=0x0002f5 
705,0.081566,192.168.201.2,192.168.201.4,RRoCE,314,293,RC RDMA Write Middle QP=0x0002f5 
706,0.081567,192.168.201.2,192.168.201.4,RRoCE,314,294,RC RDMA Write Middle QP=0x0002f5 
707,0.081568,192.168.201.2,192.168.201.4,RRoCE,266,295,RC RDMA Write Last QP=0x0002f5 
711,0.081626,192.168.201.4,192.168.201.2,RRoCE,330,296,RC RDMA Write First QP=0x0002f5 
712,0.081627,192.168.201.4,192.168.201.2,RRoCE,314,297,RC RDMA Write Middle QP=0x0002f5 
713,0.081628,192.168.201.4,192.168.201.2,RRoCE,314,298,RC RDMA Write Middle QP=0x0002f5 
714,0.081628,192.168.201.4,192.168.201.2,RRoCE,314,299,RC RDMA Write Middle QP=0x0002f5 
715,0.081629,192.168.201.4,192.168.201.2,RRoCE,314,300,RC RDMA Write Middle QP=0x0002f5 
716,0.081630,192.168.201.4,192.168.201.2,RRoCE,314,301,RC RDMA Write Middle QP=0x0002f5 
717,0.081631,192.168.201.4,192.168.201.2,RRoCE,314,302,RC RDMA Write Middle QP=0x0002f5 
718,0.081654,192.168.201.4,192.168.201.2,RRoCE,266,303,RC RDMA Write Last QP=0x0002f5 
719,0.081655,192.168.201.2,192.168.201.4,RRoCE,330,296,RC RDMA Write First QP=0x0002f5 
720,0.081656,192.168.201.2,192.168.201.4,RRoCE,314,297,RC RDMA Write Middle QP=0x0002f5 
721,0.081657,192.168.201.2,192.168.201.4,RRoCE,314,298,RC RDMA Write Middle QP=0x0002f5 
722,0.081658,192.168.201.2,192.168.201.4,RRoCE,314,299,RC RDMA Write Middle QP=0x0002f5 
723,0.081659,192.168.201.2,192.168.201.4,RRoCE,314,300,RC RDMA Write Middle QP=0x0002f5 
724,0.081660,192.168.201.2,192.168.201.4,RRoCE,314,301,RC RDMA Write Middle QP=0x0002f5 
725,0.081661,192.168.201.2,192.168.201.4,RRoCE,314,302,RC RDMA Write Middle QP=0x0002f5 
726,0.081662,192.168.201.2,192.168.201.4,RRoCE,266,303,RC RDMA Write Last QP=0x0002f5 
730,0.081691,192.168.201.4,192.168.201.2,RRoCE,330,304,RC RDMA Write First QP=0x0002f5 
731,0.081692,192.168.201.4,192.168.201.2,RRoCE,314,305,RC RDMA Write Middle QP=0x0002f5 
732,0.081693,192.168.201.4,192.168.201.2,RRoCE,314,306,RC RDMA Write Middle QP=0x0002f5 
733,0.081694,192.168.201.4,192.168.201.2,RRoCE,314,307,RC RDMA Write Middle QP=0x0002f5 
734,0.081695,192.168.201.4,192.168.201.2,RRoCE,314,308,RC RDMA Write Middle QP=0x0002f5 
735,0.081696,192.168.201.4,192.168.201.2,RRoCE,314,309,RC RDMA Write Middle QP=0x0002f5 
736,0.081697,192.168.201.4,192.168.201.2,RRoCE,314,310,RC RDMA Write Middle QP=0x0002f5 
737,0.081698,192.168.201.4,192.168.201.2,RRoCE,266,311,RC RDMA Write Last QP=0x0002f5 
738,0.081699,192.168.201.2,192.168.201.4,RRoCE,330,304,RC RDMA Write First QP=0x0002f5 
739,0.081699,192.168.201.2,192.168.201.4,RRoCE,314,305,RC RDMA Write Middle QP=0x0002f5 
740,0.081701,192.168.201.2,192.168.201.4,RRoCE,314,306,RC RDMA Write Middle QP=0x0002f5 
741,0.081701,192.168.201.2,192.168.201.4,RRoCE,314,307,RC RDMA Write Middle QP=0x0002f5 
742,0.081702,192.168.201.2,192.168.201.4,RRoCE,314,308,RC RDMA Write Middle QP=0x0002f5 
743,0.081703,192.168.201.2,192.168.201.4,RRoCE,314,309,RC RDMA Write Middle QP=0x0002f5 
744,0.081704,192.168.201.2,192.168.201.4,RRoCE,314,310,RC RDMA Write Middle QP=0x0002f5 
745,0.081722,192.168.201.2,192.168.201.4,RRoCE,266,311,RC RDMA Write Last QP=0x0002f5 
749,0.081758,192.168.201.4,192.168.201.2,RRoCE,330,312,RC RDMA Write First QP=0x0002f5 
750,0.081759,192.168.201.4,192.168.201.2,RRoCE,314,313,RC RDMA Write Middle QP=0x0002f5 
751,0.081760,192.168.201.4,192.168.201.2,RRoCE,314,314,RC RDMA Write Middle QP=0x0002f5 
752,0.081761,192.168.201.4,192.168.201.2,RRoCE,314,315,RC RDMA Write Middle QP=0x0002f5 
753,0.081762,192.168.201.4,192.168.201.2,RRoCE,314,316,RC RDMA Write Middle QP=0x0002f5 
754,0.081763,192.168.201.4,192.168.201.2,RRoCE,314,317,RC RDMA Write Middle QP=0x0002f5 
755,0.081764,192.168.201.4,192.168.201.2,RRoCE,314,318,RC RDMA Write Middle QP=0x0002f5 
756,0.081765,192.168.201.4,192.168.201.2,RRoCE,266,319,RC RDMA Write Last QP=0x0002f5 
757,0.081766,192.168.201.2,192.168.201.4,RRoCE,330,312,RC RDMA Write First QP=0x0002f5 
758,0.081767,192.168.201.2,192.168.201.4,RRoCE,314,313,RC RDMA Write Middle QP=0x0002f5 
759,0.081768,192.168.201.2,192.168.201.4,RRoCE,314,314,RC RDMA Write Middle QP=0x0002f5 
760,0.081769,192.168.201.2,192.168.201.4,RRoCE,314,315,RC RDMA Write Middle QP=0x0002f5 
761,0.081769,192.168.201.2,192.168.201.4,RRoCE,314,316,RC RDMA Write Middle QP=0x0002f5 
762,0.081770,192.168.201.2,192.168.201.4,RRoCE,314,317,RC RDMA Write Middle QP=0x0002f5 
763,0.081771,192.168.201.2,192.168.201.4,RRoCE,314,318,RC RDMA Write Middle QP=0x0002f5 
764,0.081772,192.168.201.2,192.168.201.4,RRoCE,266,319,RC RDMA Write Last QP=0x0002f5 
768,0.081830,192.168.201.4,192.168.201.2,RRoCE,330,320,RC RDMA Write First QP=0x0002f5 
769,0.081831,192.168.201.4,192.168.201.2,RRoCE,314,321,RC RDMA Write Middle QP=0x0002f5 
770,0.081832,192.168.201.4,192.168.201.2,RRoCE,314,322,RC RDMA Write Middle QP=0x0002f5 
771,0.081833,192.168.201.4,192.168.201.2,RRoCE,314,323,RC RDMA Write Middle QP=0x0002f5 
772,0.081834,192.168.201.4,192.168.201.2,RRoCE,314,324,RC RDMA Write Middle QP=0x0002f5 
773,0.081835,192.168.201.4,192.168.201.2,RRoCE,314,325,RC RDMA Write Middle QP=0x0002f5 
774,0.081836,192.168.201.4,192.168.201.2,RRoCE,314,326,RC RDMA Write Middle QP=0x0002f5 
775,0.081860,192.168.201.4,192.168.201.2,RRoCE,266,327,RC RDMA Write Last QP=0x0002f5 
776,0.081861,192.168.201.2,192.168.201.4,RRoCE,330,320,RC RDMA Write First QP=0x0002f5 
777,0.081862,192.168.201.2,192.168.201.4,RRoCE,314,321,RC RDMA Write Middle QP=0x0002f5 
778,0.081863,192.168.201.2,192.168.201.4,RRoCE,314,322,RC RDMA Write Middle QP=0x0002f5 
779,0.081864,192.168.201.2,192.168.201.4,RRoCE,314,323,RC RDMA Write Middle QP=0x0002f5 
780,0.081865,192.168.201.2,192.168.201.4,RRoCE,314,324,RC RDMA Write Middle QP=0x0002f5 
781,0.081866,192.168.201.2,192.168.201.4,RRoCE,314,325,RC RDMA Write Middle QP=0x0002f5 
782,0.081866,192.168.201.2,192.168.201.4,RRoCE,314,326,RC RDMA Write Middle QP=0x0002f5 
783,0.081867,192.168.201.2,192.168.201.4,RRoCE,266,327,RC RDMA Write Last QP=0x0002f5 
787,0.081900,192.168.201.4,192.168.201.2,RRoCE,330,328,RC RDMA Write First QP=0x0002f5 
788,0.081901,192.168.201.4,192.168.201.2,RRoCE,314,329,RC RDMA Write Middle QP=0x0002f5 
789,0.081902,192.168.201.4,192.168.201.2,RRoCE,314,330,RC RDMA Write Middle QP=0x0002f5 
790,0.081902,192.168.201.4,192.168.201.2,RRoCE,314,331,RC RDMA Write Middle QP=0x0002f5 
791,0.081903,192.168.201.4,192.168.201.2,RRoCE,314,332,RC RDMA Write Middle QP=0x0002f5 
792,0.081904,192.168.201.4,192.168.201.2,RRoCE,314,333,RC RDMA Write Middle QP=0x0002f5 
793,0.081905,192.168.201.4,192.168.201.2,RRoCE,314,334,RC RDMA Write Middle QP=0x0002f5 
794,0.081906,192.168.201.4,192.168.201.2,RRoCE,266,335,RC RDMA Write Last QP=0x0002f5 
795,0.081907,192.168.201.2,192.168.201.4,RRoCE,330,328,RC RDMA Write First QP=0x0002f5 
796,0.081908,192.168.201.2,192.168.201.4,RRoCE,314,329,RC RDMA Write Middle QP=0x0002f5 
797,0.081909,192.168.201.2,192.168.201.4,RRoCE,314,330,RC RDMA Write Middle QP=0x0002f5 
798,0.081910,192.168.201.2,192.168.201.4,RRoCE,314,331,RC RDMA Write Middle QP=0x0002f5 
799,0.081911,192.168.201.2,192.168.201.4,RRoCE,314,332,RC RDMA Write Middle QP=0x0002f5 
800,0.081912,192.168.201.2,192.168.201.4,RRoCE,314,333,RC RDMA Write Middle QP=0x0002f5 
801,0.081913,192.168.201.2,192.168.201.4,RRoCE,314,334,RC RDMA Write Middle QP=0x0002f5 
802,0.081932,192.168.201.2,192.168.201.4,RRoCE,266,335,RC RDMA Write Last QP=0x0002f5 
806,0.081967,192.168.201.4,192.168.201.2,RRoCE,330,336,RC RDMA Write First QP=0x0002f5 
807,0.081968,192.168.201.4,192.168.201.2,RRoCE,314,337,RC RDMA Write Middle QP=0x0002f5 
808,0.081969,192.168.201.4,192.168.201.2,RRoCE,314,338,RC RDMA Write Middle QP=0x0002f5 
809,0.081970,192.168.201.4,192.168.201.2,RRoCE,314,339,RC RDMA Write Middle QP=0x0002f5 
810,0.081970,192.168.201.4,192.168.201.2,RRoCE,314,340,RC RDMA Write Middle QP=0x0002f5 
811,0.081971,192.168.201.4,192.168.201.2,RRoCE,314,341,RC RDMA Write Middle QP=0x0002f5 
812,0.081973,192.168.201.4,192.168.201.2,RRoCE,314,342,RC RDMA Write Middle QP=0x0002f5 
813,0.081973,192.168.201.4,192.168.201.2,RRoCE,266,343,RC RDMA Write Last QP=0x0002f5 
814,0.081974,192.168.201.2,192.168.201.4,RRoCE,330,336,RC RDMA Write First QP=0x0002f5 
815,0.081975,192.168.201.2,192.168.201.4,RRoCE,314,337,RC RDMA Write Middle QP=0x0002f5 
816,0.081976,192.168.201.2,192.168.201.4,RRoCE,314,338,RC RDMA Write Middle QP=0x0002f5 
817,0.081977,192.168.201.2,192.168.201.4,RRoCE,314,339,RC RDMA Write Middle QP=0x0002f5 
818,0.081978,192.168.201.2,192.168.201.4,RRoCE,314,340,RC RDMA Write Middle QP=0x0002f5 
819,0.081979,192.168.201.2,192.168.201.4,RRoCE,314,341,RC RDMA Write Middle QP=0x0002f5 
820,0.081980,192.168.201.2,192.168.201.4,RRoCE,314,342,RC RDMA Write Middle QP=0x0002f5 
821,0.081981,192.168.201.2,192.168.201.4,RRoCE,266,343,RC RDMA Write Last QP=0x0002f5 
825,0.082038,192.168.201.4,192.168.201.2,RRoCE,330,344,RC RDMA Write First QP=0x0002f5 
826,0.082039,192.168.201.4,192.168.201.2,RRoCE,314,345,RC RDMA Write Middle QP=0x0002f5 
827,0.082040,192.168.201.4,192.168.201.2,RRoCE,314,346,RC RDMA Write Middle QP=0x0002f5 
828,0.082041,192.168.201.4,192.168.201.2,RRoCE,314,347,RC RDMA Write Middle QP=0x0002f5 
829,0.082042,192.168.201.4,192.168.201.2,RRoCE,314,348,RC RDMA Write Middle QP=0x0002f5 
830,0.082043,192.168.201.4,192.168.201.2,RRoCE,314,349,RC RDMA Write Middle QP=0x0002f5 
831,0.082044,192.168.201.4,192.168.201.2,RRoCE,314,350,RC RDMA Write Middle QP=0x0002f5 
832,0.082067,192.168.201.4,192.168.201.2,RRoCE,266,351,RC RDMA Write Last QP=0x0002f5 
833,0.082067,192.168.201.2,192.168.201.4,RRoCE,330,344,RC RDMA Write First QP=0x0002f5 
834,0.082068,192.168.201.2,192.168.201.4,RRoCE,314,345,RC RDMA Write Middle QP=0x0002f5 
835,0.082069,192.168.201.2,192.168.201.4,RRoCE,314,346,RC RDMA Write Middle QP=0x0002f5 
836,0.082071,192.168.201.2,192.168.201.4,RRoCE,314,347,RC RDMA Write Middle QP=0x0002f5 
837,0.082072,192.168.201.2,192.168.201.4,RRoCE,314,348,RC RDMA Write Middle QP=0x0002f5 
838,0.082073,192.168.201.2,192.168.201.4,RRoCE,314,349,RC RDMA Write Middle QP=0x0002f5 
839,0.082073,192.168.201.2,192.168.201.4,RRoCE,314,350,RC RDMA Write Middle QP=0x0002f5 
840,0.082074,192.168.201.2,192.168.201.4,RRoCE,266,351,RC RDMA Write Last QP=0x0002f5 
844,0.082104,192.168.201.4,192.168.201.2,RRoCE,330,352,RC RDMA Write First QP=0x0002f5 
845,0.082105,192.168.201.4,192.168.201.2,RRoCE,314,353,RC RDMA Write Middle QP=0x0002f5 
846,0.082106,192.168.201.4,192.168.201.2,RRoCE,314,354,RC RDMA Write Middle QP=0x0002f5 
847,0.082107,192.168.201.4,192.168.201.2,RRoCE,314,355,RC RDMA Write Middle QP=0x0002f5 
848,0.082108,192.168.201.4,192.168.201.2,RRoCE,314,356,RC RDMA Write Middle QP=0x0002f5 
849,0.082109,192.168.201.4,192.168.201.2,RRoCE,314,357,RC RDMA Write Middle QP=0x0002f5 
850,0.082110,192.168.201.4,192.168.201.2,RRoCE,314,358,RC RDMA Write Middle QP=0x0002f5 
851,0.082111,192.168.201.4,192.168.201.2,RRoCE,266,359,RC RDMA Write Last QP=0x0002f5 
852,0.082111,192.168.201.2,192.168.201.4,RRoCE,330,352,RC RDMA Write First QP=0x0002f5 
853,0.082112,192.168.201.2,192.168.201.4,RRoCE,314,353,RC RDMA Write Middle QP=0x0002f5 
854,0.082113,192.168.201.2,192.168.201.4,RRoCE,314,354,RC RDMA Write Middle QP=0x0002f5 
855,0.082114,192.168.201.2,192.168.201.4,RRoCE,314,355,RC RDMA Write Middle QP=0x0002f5 
856,0.082115,192.168.201.2,192.168.201.4,RRoCE,314,356,RC RDMA Write Middle QP=0x0002f5 
857,0.082116,192.168.201.2,192.168.201.4,RRoCE,314,357,RC RDMA Write Middle QP=0x0002f5 
858,0.082117,192.168.201.2,192.168.201.4,RRoCE,314,358,RC RDMA Write Middle QP=0x0002f5 
859,0.082139,192.168.201.2,192.168.201.4,RRoCE,266,359,RC RDMA Write Last QP=0x0002f5 
863,0.082171,192.168.201.4,192.168.201.2,RRoCE,330,360,RC RDMA Write First QP=0x0002f5 
864,0.082172,192.168.201.4,192.168.201.2,RRoCE,314,361,RC RDMA Write Middle QP=0x0002f5 
865,0.082173,192.168.201.4,192.168.201.2,RRoCE,314,362,RC RDMA Write Middle QP=0x0002f5 
866,0.082174,192.168.201.4,192.168.201.2,RRoCE,314,363,RC RDMA Write Middle QP=0x0002f5 
867,0.082175,192.168.201.4,192.168.201.2,RRoCE,314,364,RC RDMA Write Middle QP=0x0002f5 
868,0.082176,192.168.201.4,192.168.201.2,RRoCE,314,365,RC RDMA Write Middle QP=0x0002f5 
869,0.082177,192.168.201.4,192.168.201.2,RRoCE,314,366,RC RDMA Write Middle QP=0x0002f5 
870,0.082178,192.168.201.4,192.168.201.2,RRoCE,266,367,RC RDMA Write Last QP=0x0002f5 
871,0.082179,192.168.201.2,192.168.201.4,RRoCE,330,360,RC RDMA Write First QP=0x0002f5 
872,0.082180,192.168.201.2,192.168.201.4,RRoCE,314,361,RC RDMA Write Middle QP=0x0002f5 
873,0.082181,192.168.201.2,192.168.201.4,RRoCE,314,362,RC RDMA Write Middle QP=0x0002f5 
874,0.082181,192.168.201.2,192.168.201.4,RRoCE,314,363,RC RDMA Write Middle QP=0x0002f5 
875,0.082182,192.168.201.2,192.168.201.4,RRoCE,314,364,RC RDMA Write Middle QP=0x0002f5 
876,0.082183,192.168.201.2,192.168.201.4,RRoCE,314,365,RC RDMA Write Middle QP=0x0002f5 
877,0.082184,192.168.201.2,192.168.201.4,RRoCE,314,366,RC RDMA Write Middle QP=0x0002f5 
878,0.082185,192.168.201.2,192.168.201.4,RRoCE,266,367,RC RDMA Write Last QP=0x0002f5 
882,0.082243,192.168.201.4,192.168.201.2,RRoCE,330,368,RC RDMA Write First QP=0x0002f5 
883,0.082244,192.168.201.4,192.168.201.2,RRoCE,314,369,RC RDMA Write Middle QP=0x0002f5 
884,0.082245,192.168.201.4,192.168.201.2,RRoCE,314,370,RC RDMA Write Middle QP=0x0002f5 
885,0.082246,192.168.201.4,192.168.201.2,RRoCE,314,371,RC RDMA Write Middle QP=0x0002f5 
886,0.082247,192.168.201.4,192.168.201.2,RRoCE,314,372,RC RDMA Write Middle QP=0x0002f5 
887,0.082248,192.168.201.4,192.168.201.2,RRoCE,314,373,RC RDMA Write Middle QP=0x0002f5 
888,0.082249,192.168.201.4,192.168.201.2,RRoCE,314,374,RC RDMA Write Middle QP=0x0002f5 
889,0.082271,192.168.201.4,192.168.201.2,RRoCE,266,375,RC RDMA Write Last QP=0x0002f5 
890,0.082272,192.168.201.2,192.168.201.4,RRoCE,330,368,RC RDMA Write First QP=0x0002f5 
891,0.082273,192.168.201.2,192.168.201.4,RRoCE,314,369,RC RDMA Write Middle QP=0x0002f5 
892,0.082274,192.168.201.2,192.168.201.4,RRoCE,314,370,RC RDMA Write Middle QP=0x0002f5 
893,0.082275,192.168.201.2,192.168.201.4,RRoCE,314,371,RC RDMA Write Middle QP=0x0002f5 
894,0.082276,192.168.201.2,192.168.201.4,RRoCE,314,372,RC RDMA Write Middle QP=0x0002f5 
895,0.082277,192.168.201.2,192.168.201.4,RRoCE,314,373,RC RDMA Write Middle QP=0x0002f5 
896,0.082278,192.168.201.2,192.168.201.4,RRoCE,314,374,RC RDMA Write Middle QP=0x0002f5 
897,0.082278,192.168.201.2,192.168.201.4,RRoCE,266,375,RC RDMA Write Last QP=0x0002f5 
901,0.082309,192.168.201.4,192.168.201.2,RRoCE,330,376,RC RDMA Write First QP=0x0002f5 
902,0.082310,192.168.201.4,192.168.201.2,RRoCE,314,377,RC RDMA Write Middle QP=0x0002f5 
903,0.082311,192.168.201.4,192.168.201.2,RRoCE,314,378,RC RDMA Write Middle QP=0x0002f5 
904,0.082312,192.168.201.4,192.168.201.2,RRoCE,314,379,RC RDMA Write Middle QP=0x0002f5 
905,0.082313,192.168.201.4,192.168.201.2,RRoCE,314,380,RC RDMA Write Middle QP=0x0002f5 
906,0.082314,192.168.201.4,192.168.201.2,RRoCE,314,381,RC RDMA Write Middle QP=0x0002f5 
907,0.082315,192.168.201.4,192.168.201.2,RRoCE,314,382,RC RDMA Write Middle QP=0x0002f5 
908,0.082316,192.168.201.4,192.168.201.2,RRoCE,266,383,RC RDMA Write Last QP=0x0002f5 
909,0.082317,192.168.201.2,192.168.201.4,RRoCE,330,376,RC RDMA Write First QP=0x0002f5 
910,0.082318,192.168.201.2,192.168.201.4,RRoCE,314,377,RC RDMA Write Middle QP=0x0002f5 
911,0.082319,192.168.201.2,192.168.201.4,RRoCE,314,378,RC RDMA Write Middle QP=0x0002f5 
912,0.082319,192.168.201.2,192.168.201.4,RRoCE,314,379,RC RDMA Write Middle QP=0x0002f5 
913,0.082320,192.168.201.2,192.168.201.4,RRoCE,314,380,RC RDMA Write Middle QP=0x0002f5 
914,0.082321,192.168.201.2,192.168.201.4,RRoCE,314,381,RC RDMA Write Middle QP=0x0002f5 
915,0.082322,192.168.201.2,192.168.201.4,RRoCE,314,382,RC RDMA Write Middle QP=0x0002f5 
916,0.082343,192.168.201.2,192.168.201.4,RRoCE,266,383,RC RDMA Write Last QP=0x0002f5 
920,0.082376,192.168.201.4,192.168.201.2,RRoCE,330,384,RC RDMA Write First QP=0x0002f5 
921,0.082377,192.168.201.4,192.168.201.2,RRoCE,314,385,RC RDMA Write Middle QP=0x0002f5 
922,0.082378,192.168.201.4,192.168.201.2,RRoCE,314,386,RC RDMA Write Middle QP=0x0002f5 
923,0.082379,192.168.201.4,192.168.201.2,RRoCE,314,387,RC RDMA Write Middle QP=0x0002f5 
924,0.082380,192.168.201.4,192.168.201.2,RRoCE,314,388,RC RDMA Write Middle QP=0x0002f5 
925,0.082381,192.168.201.4,192.168.201.2,RRoCE,314,389,RC RDMA Write Middle QP=0x0002f5 
926,0.082382,192.168.201.4,192.168.201.2,RRoCE,314,390,RC RDMA Write Middle QP=0x0002f5 
927,0.082383,192.168.201.4,192.168.201.2,RRoCE,266,391,RC RDMA Write Last QP=0x0002f5 
928,0.082384,192.168.201.2,192.168.201.4,RRoCE,330,384,RC RDMA Write First QP=0x0002f5 
929,0.082385,192.168.201.2,192.168.201.4,RRoCE,314,385,RC RDMA Write Middle QP=0x0002f5 
930,0.082386,192.168.201.2,192.168.201.4,RRoCE,314,386,RC RDMA Write Middle QP=0x0002f5 
931,0.082387,192.168.201.2,192.168.201.4,RRoCE,314,387,RC RDMA Write Middle QP=0x0002f5 
932,0.082388,192.168.201.2,192.168.201.4,RRoCE,314,388,RC RDMA Write Middle QP=0x0002f5 
933,0.082389,192.168.201.2,192.168.201.4,RRoCE,314,389,RC RDMA Write Middle QP=0x0002f5 
934,0.082390,192.168.201.2,192.168.201.4,RRoCE,314,390,RC RDMA Write Middle QP=0x0002f5 
935,0.082390,192.168.201.2,192.168.201.4,RRoCE,266,391,RC RDMA Write Last QP=0x0002f5 
939,0.082451,192.168.201.4,192.168.201.2,RRoCE,330,392,RC RDMA Write First QP=0x0002f5 
940,0.082452,192.168.201.4,192.168.201.2,RRoCE,314,393,RC RDMA Write Middle QP=0x0002f5 
941,0.082453,192.168.201.4,192.168.201.2,RRoCE,314,394,RC RDMA Write Middle QP=0x0002f5 
942,0.082454,192.168.201.4,192.168.201.2,RRoCE,314,395,RC RDMA Write Middle QP=0x0002f5 
943,0.082455,192.168.201.4,192.168.201.2,RRoCE,314,396,RC RDMA Write Middle QP=0x0002f5 
944,0.082456,192.168.201.4,192.168.201.2,RRoCE,314,397,RC RDMA Write Middle QP=0x0002f5 
945,0.082457,192.168.201.4,192.168.201.2,RRoCE,314,398,RC RDMA Write Middle QP=0x0002f5 
946,0.082483,192.168.201.4,192.168.201.2,RRoCE,266,399,RC RDMA Write Last QP=0x0002f5 
947,0.082484,192.168.201.2,192.168.201.4,RRoCE,330,392,RC RDMA Write First QP=0x0002f5 
948,0.082485,192.168.201.2,192.168.201.4,RRoCE,314,393,RC RDMA Write Middle QP=0x0002f5 
949,0.082486,192.168.201.2,192.168.201.4,RRoCE,314,394,RC RDMA Write Middle QP=0x0002f5 
950,0.082487,192.168.201.2,192.168.201.4,RRoCE,314,395,RC RDMA Write Middle QP=0x0002f5 
951,0.082488,192.168.201.2,192.168.201.4,RRoCE,314,396,RC RDMA Write Middle QP=0x0002f5 
952,0.082489,192.168.201.2,192.168.201.4,RRoCE,314,397,RC RDMA Write Middle QP=0x0002f5 
953,0.082490,192.168.201.2,192.168.201.4,RRoCE,314,398,RC RDMA Write Middle QP=0x0002f5 
954,0.082491,192.168.201.2,192.168.201.4,RRoCE,266,399,RC RDMA Write Last QP=0x0002f5 
